k,raw,detrended
1,0.5414133750247231,7.122036561251985e-05
2,0.5413287264829258,3.5544944870460058e-06
3,0.5402402752515475,-0.0022889162647028996
4,0.5407916783167735,-0.0010128177828540707
5,0.5405836793252105,-0.0013506372803660414
6,0.5407977520707211,-0.0007828064459706844
7,0.5413024805835219,0.0003958627985804554
8,0.5413229376413081,0.0005239228726192696
9,0.5398254927325691,-0.0026632527067305734
10,0.540157749956071,-0.0018506694655205554
11,0.540694780602261,-0.0006177735765902054
12,0.5415126519848553,0.0012271382055581287
13,0.5405593898972455,-0.0007806604479214014
14,0.5409872053655175,0.00020589650655549943
15,0.5404897867145347,-0.0008172408232668765
16,0.5408056701945813,-4.568533161879764e-05
17,0.5414304760985617,0.001377223512159183
18,0.5406417509715827,-0.0002612064246603113
19,0.5405362740332361,-0.0004406580290823198
20,0.5407417043656564,7.367020095465484e-05
21,0.5410024494847322,0.000707238023176969
22,0.5405354608326083,-0.0002369491265754615
23,0.5413281932415704,0.001538465117080954
24,0.5406374414023746,9.652699030897961e-05
25,0.5401266442828333,-0.0009499101960280522
26,0.5408131038680118,0.0006158095119736202
27,0.5403751559977462,-0.0002878661790881961
28,0.5409780985865081,0.001083077326112911
29,0.5401380717033948,-0.0006950044539689689
30,0.5405950396159949,0.0003560138148995136
31,0.5400950353304005,-0.0007094529318224926
32,0.5405741377113139,0.0003995185772579483
33,0.5404201660143003,0.00012875023585299402
34,0.5406224078278599,0.0006404568487313317
35,0.5408491900617314,0.0011855319202576514
36,0.5402823821959302,-1.1172100359320408e-05
37,0.5406988734385888,0.0009547149510897976
38,0.540274579952616,9.873544381545857e-05
39,0.5399481951348242,-0.0005424284438773957
40,0.5401055906079139,-0.00015385108027187266
41,0.5393988491672426,-0.0016492330542331678
42,0.5400832001026284,-0.00011053012322354095
43,0.5395147318024021,-0.001285331767784459
44,0.5401043814905941,5.080700480134042e-05
45,0.5402937948993021,0.0005163834308268693
46,0.5395293329749833,-0.0010996607340602762
47,0.5398777170880134,-0.0003008075438667945
48,0.5403507044073564,0.000781547696855569
49,0.5397079483654922,-0.0005783839101662255
50,0.5394553313553363,-0.0010775785438226358
51,0.5394964745979105,-0.0009393619236080429
52,0.5400041466975467,0.00020845594178555787
53,0.5397682555398068,-0.0002334811859046935
54,0.5398586518351839,1.8359333662459334e-05
55,0.5401588915166159,0.0007313715944359614
56,0.5396347073919852,-0.0003518875874986714
57,0.5409032023751748,0.0024686928983134984
58,0.5391139442429198,-0.0014053817099200833
59,0.5393701356458617,-0.0007839717013811606
60,0.5399827008040424,0.0005843417315149738
61,0.5393076690756661,-0.0008133117209131279
62,0.5395540166733587,-0.00022145532470792967
63,0.5404147631655001,0.0017023393033926547
64,0.5398120259480501,0.00042874656598959805
65,0.5391378205059101,-0.0010036810648182432
66,0.5398690847553186,0.0006249384854113366
67,0.5395293992092324,-6.261457942117191e-05
68,0.5393284405898784,-0.00044393708288399425
69,0.5401187480278005,0.0013143822034207971
70,0.5393956776114132,-0.0002130096536694536
71,0.5398746732779577,0.0008980839192017263
72,0.5388323467419466,-0.0013107719829295174
73,0.539939820137356,0.0011675583274539808
74,0.5389002595247792,-0.0010584282537074027
75,0.5390876264002468,-0.0006050824134875343
76,0.5390602144605037,-0.0006301472206341742
77,0.539682470506618,0.0007796582745635845
78,0.5394298697321709,0.00027186342556253867
79,0.5395472313464664,0.0005639106203761171
80,0.5388769998218326,-0.0008463687462187089
81,0.5391063116869115,-0.00030807379827307857
82,0.5392352039768841,2.90396579205785e-05
83,0.5395942472988685,0.0008640029297298859
84,0.5397056864643873,0.0011584985706054255
85,0.5396203935940419,0.0010366838892870212
86,0.538725971444597,-0.0008753322661473197
87,0.538736165628945,-0.0008016530046773337
88,0.5391699853449712,0.0001908434355931077
89,0.5388511575586947,-0.0004672591276646473
90,0.5385795213233848,-0.0010215212129043427
91,0.5391082774694183,0.00016673369048211245
92,0.5391653583695116,0.00033505312484053643
93,0.5386017105274544,-0.0008466365338165148
94,0.5397206732928522,0.0016367984822072388
95,0.5388504879860903,-0.0001951146620742598
96,0.5390505960617253,0.00030595579790835566
97,0.5390812717939721,0.00043553393560512657
98,0.5383292591214237,-0.0011438643765437962
99,0.5393477805377718,0.0011135847322169235
100,0.5381990178770113,-0.001334374892649379
101,0.5388489716343924,0.0001336433231285311
102,0.5391145560864153,0.0007361552040746101
103,0.5393748919703231,0.0013537016156145323
104,0.5386971021605735,-9.300880676373884e-05
105,0.5385839829690201,-0.00028195032821333807
106,0.5388069462941192,0.0002516273591675457
107,0.5384824746759407,-0.0003996452352217317
108,0.5384640778877681,-0.0003906632477719422
109,0.5383656797350366,-0.0005758636154285164
110,0.5386593188109191,0.0001335293930372441
111,0.5377010054153532,-0.0019185074328062542
112,0.5373520839769805,-0.0026436930899918767
113,0.5388496472103449,0.0006723905045980386
114,0.5391224349766212,0.0013312361833393374
115,0.538821481197352,0.0007175305309037605
116,0.53863096900789,0.00035413176376731994
117,0.5385725614983996,0.0002682165521929178
118,0.5389245351549723,0.0010782173498508308
119,0.5391597364262284,0.0016091888088809116
120,0.5380229388888491,-0.0008255402390403006
121,0.5382490951175862,-0.00027397750373138994
122,0.5383646994228495,1.7117074406938522e-05
123,0.538831503376569,0.0010764516503474731
124,0.5391205254088117,0.0017293276987744677
125,0.5391621774746425,0.0018482725551635507
126,0.5375808497433914,-0.0015654493821344799
127,0.5382340590515626,-0.0001233432389336829
128,0.5375603443412336,-0.0015354718143399955
129,0.5386776597318386,0.0009510051608399112
130,0.5376669736005356,-0.0011992367659243318
131,0.5385128171235201,0.0006905548763492949
132,0.537867639414477,-0.0006523163708425784
133,0.5377532722210786,-0.0008684120240054163
134,0.538077241593513,-0.00011849002380021837
135,0.5377563594634337,-0.0007550531190581116
136,0.5383036504019256,0.0004951517690414215
137,0.5388240384905691,0.0016663336624251428
138,0.5382183659667731,0.00037766448522020635
139,0.5380207724534868,-4.014708920494271e-05
140,0.5378665206843954,-0.00038237989253729865
141,0.5377895639486621,-0.0005188484880881889
142,0.5368732285433884,-0.00246606460160493
143,0.5380299542132755,0.0001287212177494788
144,0.5383787048768928,0.0009251308798490282
145,0.5379057565495571,-5.549759954340481e-05
146,0.5378717974484755,-8.31051687393083e-05
147,0.5379732664978485,0.00018807083643782922
148,0.5376640914635585,-0.0004440968976022317
149,0.5373877771143671,-0.0010238531002772634
150,0.537512390946988,-0.000714632554935633
151,0.5376148228515292,-0.000449827610175081
152,0.537841182829066,0.00010073686796231958
153,0.5374302689911837,-0.000730218715670918
154,0.5383798255834457,0.001387515177256233
155,0.537994265988545,0.0005888730731457339
156,0.5382502272858543,0.0011601486448639658
157,0.5377550856785908,0.00011786716984276044
158,0.5386581321910495,0.0021105008852157123
159,0.5374556032407425,-0.0004670785030837388
160,0.5374287797536189,-0.00046847810213329215
161,0.5368304946405104,-0.0017201626113092874
162,0.537873345958358,0.0006065771368306662
163,0.5379095598866364,0.0006901442840363836
164,0.5368050881495906,-0.001667390745015104
165,0.5370543060725227,-0.0010972411445600277
166,0.5380924434527152,0.0012194976219066307
167,0.5374328139541348,-0.0001960152213372803
168,0.5378836096340096,0.0008201816052799909
169,0.5372075388587738,-0.0006134493380175013
170,0.5372811017768706,-0.00041516466251063797
171,0.5368817533819155,-0.0012387989610096475
172,0.5376057608664302,0.00037113752651731467
173,0.5375629977305593,0.00032141661148981407
174,0.5374259593652709,7.996905889268726e-05
175,0.5381874162668304,0.001800450484899053
176,0.537922799482565,0.0012608291734876498
177,0.5364718162581384,-0.0018858871581869717
178,0.5373527724969361,7.346259497859869e-05
179,0.5371449001478718,-0.00033833034724537993
180,0.5363420356455956,-0.002052481006865587
181,0.5369159608524552,-0.000782059804069079
182,0.5370488580516003,-0.0004560506744252535
183,0.5366356049395149,-0.0013112062390384022
184,0.5375771169075834,0.0007642387655407402
185,0.5379073413014449,0.0015167815362036664
186,0.5370615901573426,-0.00031404542687974715
187,0.5370765803918731,-0.00024608093482170375
188,0.537367142816261,0.0004434451487595853
189,0.5372853407313164,0.0003256761041783532
190,0.5372977907379074,0.00036656934863113657
191,0.5374619437199114,0.0007352832774947293
192,0.5374458476149919,0.0007393689659063697
193,0.536436560484544,-0.0014177330154623836
194,0.5367593898828917,-0.0007020716186702233
195,0.5370300842597582,-5.680724526137341e-05
196,0.5366672016953568,-0.0007964929989374729
197,0.5374181255388194,0.0008702940349005902
198,0.5369895127101567,-2.2248494627689726e-05
199,0.5369696574478345,-2.8992206420896204e-05
200,0.5364134875922162,-0.0012010755291483545
201,0.5372803881845405,0.0007215540374823891
202,0.5369921234038291,0.00010780495724039353
203,0.5375176201852709,0.0012866342279295151
204,0.537351827181767,0.000951007381632789
205,0.5375162256177226,0.0013754514273715312
206,0.5365467499110687,-0.0007015645590839677
207,0.5358679352684409,-0.002135308055603263
208,0.5373226077371257,0.0010925762421337727
209,0.5360747894249185,-0.0015779284844002518
210,0.5367483618184457,-6.705440219609091e-05
211,0.5369510585277472,0.000397423621578446
212,0.5375449722480284,0.001750020498902128
213,0.5365047376457152,-0.00048346063601482274
214,0.537418287783467,0.0015522187355961246
215,0.5358904545087498,-0.0017368323317536961
216,0.5365953544863897,-0.0001784720688119961
217,0.5368032884759028,0.00030191553797597614
218,0.5365661702089254,-0.00019991404478083625
219,0.5371321023866173,0.0010704510196477245
220,0.5364109757751526,-0.00045523307432626306
221,0.5367396497063469,0.0002996036283991243
222,0.5367147861281227,0.00027911084067767955
223,0.5365370096175205,-7.792383127692234e-05
224,0.5367473271347155,0.0004340629346241482
225,0.5372629997079642,0.0015952620862946772
226,0.5368341462526157,0.0006938649550268346
227,0.5364991755580119,-3.747116744336329e-05
228,0.53612176623959,-0.0008571961693495694
229,0.5363975211206103,-0.00021072788278295266
230,0.5354963107378891,-0.0021379339740583998
231,0.5357869199016212,-0.001447429965633816
232,0.5370345723375533,0.0013163718106171348
233,0.5368207862169005,0.0008794551324412871
234,0.5365404433657345,0.0002828079598673633
235,0.5355266297883244,-0.0018840462045888325
236,0.5363369584568516,-7.466912940469558e-05
237,0.5363682317831492,6.0028698910438355e-05
238,0.5373001942298251,0.0021278796643920753
239,0.5360559279198,-0.0005366494015608064
240,0.5362058261896094,-0.0001681305404750598
241,0.5364593378288384,0.0004311551661528157
242,0.5359830205176652,-0.0005720184017042535
243,0.5365391305638416,0.0006998002271230616
244,0.5363610123849543,0.0003705662968453378
245,0.536382507832884,0.0004196594884691068
246,0.5358117379128996,-0.0007713648934879079
247,0.5366657662399822,0.0011457412209125205
248,0.5363515044949922,0.00047195405612924726
249,0.535729064420393,-0.0008956836922871488
250,0.535689087066101,-0.0009302628668340461
251,0.5355361530594083,-0.0012244019929238607
252,0.5363405699258725,0.000558272310151877
253,0.535982874706047,-0.0002149867584385438
254,0.5366256090510924,0.001236459630486151
255,0.5357928527440938,-0.0005414830054612697
256,0.5360960160329769,0.00014269893909531951
257,0.5357893356981624,-0.0004978235709714962
258,0.5362932272481495,0.0006392644322482953
259,0.5355294251410936,-0.0009917606406714438
260,0.5356462331107841,-0.0006809858322724897
261,0.5357121236967308,-0.0004984858311873649
262,0.5357117852113824,-0.0004596673058831498
263,0.536124142341478,0.0004709925470097213
264,0.5345987140331807,-0.002810608560963432
265,0.5355083878523271,-0.0007976307721786137
266,0.5364478333704458,0.0012691002257033685
267,0.5366245128370715,0.0016866255731356763
268,0.5360170394826582,0.00039158533980705615
269,0.5357688234995501,-0.00011618733390995279
270,0.5368271043497322,0.0022264953621955875
271,0.536064117799381,0.0006090742494720313
272,0.5359029830715297,0.00028782912164489237
273,0.5357457884140038,-1.8448289147340596e-05
274,0.5353598784763819,-0.0008559105470003619
275,0.5364317430865452,0.0014916696887394883
276,0.5362698894298077,0.0011666254430332782
277,0.5349441916553098,-0.0016789005238961165
278,0.5352530747053924,-0.0009562521696203064
279,0.5357039825586285,4.225615405014012e-05
280,0.5360520192003229,0.0008313782947916395
281,0.5350079702024629,-0.001419385270359265
282,0.5362328539547043,0.0013115428372440258
283,0.5356008076933648,-4.660716722066108e-05
284,0.5351005436077211,-0.0011119705112532991
285,0.5357005026281166,0.0002465186354218726
286,0.5355159350430163,-0.00011793954616657637
287,0.5361939139265033,0.0013891172789606383
288,0.5361348738433684,0.0012923114976612787
289,0.5354512192308282,-0.00016070083492965837
290,0.536425665701669,0.001999860539622961
291,0.5353124979517551,-0.00038800662646302245
292,0.5348615564230244,-0.0013400154399575747
293,0.5352239408846861,-0.000540159271094335
294,0.5355101027779781,0.0001558881229774613
295,0.5355148919291659,0.0002029639560763434
296,0.5355190172688757,0.0002432680362870964
297,0.5352802694038341,-0.0002504364044965839
298,0.5354308880697564,0.00011760448421006384
299,0.5352299900526193,-0.00026029352997173206
300,0.5352343481390822,-0.00022102637983368754
301,0.5352698683428161,-0.00013717068267199057
302,0.5356296950251318,0.0007051586371034044
303,0.5351697007992197,-0.000276116135297756
304,0.5345165979520607,-0.001662584930585971
305,0.534553536943838,-0.001548138975786772
306,0.5352940718623485,0.00011635753425964851
307,0.5357308744854268,0.0011116471342945628
308,0.5352116158504934,-4.4881716076394325e-06
309,0.535247458009924,0.00010020423922125242
310,0.5344556284653401,-0.0016181136769845713
311,0.5350826648002341,-0.00023393908460622232
312,0.5350180417304482,-0.0003455346722144539
313,0.5350568229213666,-0.0002537783037643516
314,0.5361060044784515,0.002060752092337993
315,0.5352836070728585,0.000287795248800174
316,0.5342642449790741,-0.0018984635062977593
317,0.5353808955167327,0.0005685926107219576
318,0.5344384649323606,-0.0014429046359051994
319,0.5354568995761576,0.0007953137609368459
320,0.5349831520698897,-0.00018515407237238636
321,0.5342645970979267,-0.0017314886415673958
322,0.5349106146036998,-0.00028631393641021386
323,0.5345848497096072,-0.0009830930327746272
324,0.5346711213525785,-0.0007743368285690099
325,0.5353858458603465,0.0007878680614261796
326,0.5347062648844987,-0.0006742564410538881
327,0.5350000974438797,2.0183877495563702e-05
328,0.5355233082999188,0.0011934504356406253
329,0.5351601018315015,0.000448870862521146
330,0.5344784982094211,-0.0009957869121115367
331,0.5355442263038319,0.0013381649251737006
332,0.534799428161573,-0.00026627598607726596
333,0.535150526323779,0.0005383183422625634
334,0.5351695446783884,0.0006265862222890055
335,0.534104375565998,-0.0016665444594625603
336,0.5351254136104753,0.0006087137057517966
337,0.5345108312038724,-0.0006887083072982781
338,0.5349665423823965,0.00033238253226912785
339,0.5343297728914199,-0.0010427509252374078
340,0.5352545262022564,0.000995060000541861
341,0.5350465914711467,0.0006068735580982152
342,0.5348487254105937,0.00020423789762485144
343,0.5339153144665657,-0.0017990478582181797
344,0.5347574719994929,6.482628687545478e-05
345,0.5349371306006971,0.0004624370115671617
346,0.534982845861591,0.000624479803763864
347,0.5339826647821949,-0.0015149191624673824
348,0.5340582584478862,-0.001325789029038536
349,0.5350285627643121,0.0008480325589990829
350,0.5345756457132474,-0.00012708695798019338
351,0.5350159044750102,0.0008579111783786767
352,0.5347896034043101,0.00038383626546547304
353,0.5341093409862522,-0.0010589115260461446
354,0.5344081062894512,-0.0003868724956835725
355,0.5344628397118859,-0.00025141189610839067
356,0.5342944788259615,-0.0005922344888643918
357,0.5353288925749112,0.0016929397394743117
358,0.5347676075118637,0.0004979331922262384
359,0.5348674072473856,0.0007579285489405734
360,0.5349939985145109,0.001068253566132717
361,0.5346548166514664,0.0003623271740704755
362,0.5345345162615038,0.00012384151052746635
363,0.5342591979820891,-0.00046031074436384765
364,0.534720441098033,0.0005933481836365018
365,0.5345224260073145,0.00019722110270277098
366,0.5340028420692886,-0.0009272817664389657
367,0.533843107935349,-0.0012319866725516784
368,0.5343871820433949,-2.30841412786885e-06
369,0.5338915733150565,-0.001052910897756099
370,0.534441932225714,0.00016559781665509884
371,0.5340292229209855,-0.0007037155513145563
372,0.5340547511370568,-0.0006352180352895739
373,0.5342482243237114,-0.0001942000826280437
374,0.5348212968011556,0.0010724589594239098
375,0.5335964875593916,-0.0015766846588992948
376,0.5344594361239225,0.0002993115211389919
377,0.5347084853539934,0.0008726654520599301
378,0.5339534421065345,-0.0007144371850957648
379,0.5347694417675981,0.0010717262178969956
380,0.5339901658595423,-0.0005927330483507765
381,0.5349665759587372,0.0015628242093546814
382,0.5340097661225954,-0.0005154317206858038
383,0.5345620047917077,0.0007423901229355852
384,0.5330779313811803,-0.0024453898616646694
385,0.5342210161010345,9.979695057937851e-05
386,0.5346646337025808,0.0011084899741426039
387,0.533714499167724,-0.0009418282395751415
388,0.5339542879266517,-0.00039720366698919364
389,0.5340580473238282,-0.00014610606456279956
390,0.5338581184013289,-0.0005333007974153436
391,0.534334907002263,0.0005714934684336793
392,0.5339419820616113,-0.00025453054135121954
393,0.5339032219811056,-0.0003001320524297611
394,0.5345709961488684,0.0011809838620942573
395,0.5344753363004617,0.0009928279952347524
396,0.5341497492030878,0.00031279835449197715
397,0.5337230780392924,-0.0005995137291467317
398,0.5336913902509569,-0.0006434940120355878
399,0.5345721467674973,0.0012976919658236748
400,0.5342870839631988,0.0007174629008294372
401,0.5342496822515616,0.000669727846726624
402,0.5341448727464173,0.0004683997497060026
403,0.5336174829610169,-0.0006634005736235668
404,0.5344502110336403,0.001187590952421035
405,0.5334736267743408,-0.0009211033375463064
406,0.5338924868802158,2.5087031327715147e-05
407,0.5335889235556438,-0.0006052959893978545
408,0.5344548818686131,0.0012981864330510015
409,0.53381275328143,-4.564722217883524e-05
410,0.5332506230064529,-0.00122341127613991
411,0.5331431349354434,-0.0014073179005421777
412,0.5340268310093361,0.0005847191198100038
413,0.5345517705111835,0.0017711240055958782
414,0.533073682273423,-0.0014312877954140916
415,0.5342847945954565,0.0012451406751971727
416,0.5337238252947724,4.9555940643056714e-05
417,0.5332454824236873,-0.000979820824110811
418,0.5339373290004165,0.0005384198249425095
419,0.5331303553296212,-0.0011889335571451463
420,0.5338251349622117,0.0003347366736274562
421,0.5339771024754618,0.0006932878789127713
422,0.5340752713087055,0.0009466762782714528
423,0.5336202260749457,-9.290322270357524e-06
424,0.5344034291050724,0.0017504963677494846
425,0.5336313040717947,0.00010824315370877981
426,0.5336727606364466,0.0002353021908002622
427,0.5338458349427357,0.0006301077123301002
428,0.5335931587411867,7.976403218756097e-05
429,0.5335554766528554,4.953394501605882e-05
430,0.533869331093167,0.0007574085110036295
431,0.5337976097770406,0.0006466976802645494
432,0.5328972750362331,-0.0012939378924871822
433,0.5335073554816717,6.71261695627031e-05
434,0.5333652024229489,-0.0001853111422034076
435,0.5332193229401422,-0.0004890214518001622
436,0.5330452421082718,-0.0008319981786413144
437,0.534080188370283,0.0014617660575205976
438,0.532974112960052,-0.0009040180219325247
439,0.5326252108159063,-0.001624110561258615
440,0.5336732406059718,0.000685834417700676
441,0.5329364719257546,-0.0008896266535447617
442,0.5337583972846298,0.0009268957116838956
443,0.5330789947869645,-0.0005315956866171996
444,0.5328571535181273,-0.0010076717927240432
445,0.5337097517193907,0.000886831835739972
446,0.5338440285366179,0.0012333989718633883
447,0.5328686898395089,-0.0008809090162285974
448,0.5333889926590536,0.00029051144028679695
449,0.5335321643477203,0.0006160698069520262
450,0.5337117364946772,0.0010324670304816498
451,0.5332363425933955,2.72534058915067e-05
452,0.5336211795943133,0.0008936412096205903
453,0.5334028604728412,0.00042028951956675975
454,0.5333796330538251,0.00036703587596942795
455,0.5329716007664522,-0.0004955672906619821
456,0.5333518004189248,0.000359959670202825
457,0.5336502259598223,0.0010214554411353263
458,0.5328970814751335,-0.0005804467651703043
459,0.5328435483097747,-0.0006734461033200747
460,0.532848903324851,-0.0006331448905622073
461,0.533142589899736,2.8405474184701104e-05
462,0.5334906392899955,0.0008267402135888884
463,0.5339580760667875,0.0018964234462056158
464,0.5323438825817107,-0.0015642845989848018
465,0.5327983385018605,-0.0005279545986253968
466,0.5325378567448115,-0.0010578361706699475
467,0.5330306667378707,5.0845682134537554e-05
468,0.5336830444806322,0.0014733067116347507
469,0.5325691208616211,-0.000942198840067971
470,0.5324602452828955,-0.0011348923926793517
471,0.5327667999055289,-0.0004421823838192263
472,0.5335734317012679,0.001351809590575757
473,0.5332293417566549,0.0006346262138310268
474,0.5331698693488897,0.0005327867080610134
475,0.53327836732277,0.0007892799922193251
476,0.5324404563410998,-0.001001959566686818
477,0.5325159587895895,-0.0008241482090192368
478,0.532015072814864,-0.0018703348804212062
479,0.5332718772432977,0.0009003129140798559
480,0.5323262707540951,-0.0011719676904913814
481,0.5334453418587287,0.001295024469621088
482,0.532633235908891,-0.00046845385944738026
483,0.5324947839578661,-0.0007433563331668309
484,0.5328382585240331,2.361496871879534e-05
485,0.5332600567239087,0.0009720037437092086
486,0.5333494688512318,0.0011979628556355259
487,0.5324990573863296,-0.0006161837672550173
488,0.5328864804428881,0.0002517324105126961
489,0.5317854330103102,-0.0021101422383563626
490,0.5331793074521003,0.0009480111910593419
491,0.5325824724359636,-0.00034146259074853034
492,0.5325716511063614,-0.0003441423527507899
493,0.5334721430168196,0.0016516437730868406
494,0.5328538864686013,0.000320945003453966
495,0.5332186076893952,0.0011477594261754397
496,0.533123513234753,0.0009508913456093784
497,0.531705791304014,-0.002087066947605228
498,0.5327975513504731,0.0003239510916780378
499,0.532916788583045,0.0006412195438755677
500,0.5324248996735123,-0.0003793833014794447
501,0.5324550614294724,-0.000305787386570471
502,0.5324490495411225,-0.00030823090472725025
503,0.532055642440465,-0.0011306097384380562
504,0.5325737686955974,4.757463658818523e-05
505,0.5335618501754913,0.0022747577938097667
506,0.5327704984674158,0.0005886062832027037
507,0.5321298119283865,-0.0008169504561707691
508,0.531991183300308,-0.0010974945846343699
509,0.5319471501679602,-0.001155422233539072
510,0.5318646242815035,-0.0013149592648514213
511,0.5336001709647396,0.0025212007196131333
512,0.5321158035611063,-0.0006819492456126377
513,0.5319103371980806,-0.0011027325534707605
514,0.5326540087861549,0.0005498548899182204
515,0.5320912375320499,-0.0006587721747747141
516,0.5329508195515886,0.0012398495313178297
517,0.533326669136223,0.0020780132993356536
518,0.5329267888176792,0.0012457298275383817
519,0.53300443938698,0.0014306360632837815
520,0.5328186587718733,0.0010262983248779116
521,0.5319357880779982,-0.0008560855165183894
522,0.5314229062223029,-0.0019335650438714728
523,0.5318735245861651,-0.0009425124709747537
524,0.5327272784786136,0.0009510849479314463
525,0.53259096897321,0.0006611600249145775
526,0.5318886729827281,-0.0008356709036014369
527,0.5322825264575449,2.964469152352751e-05
528,0.532762435425584,0.001101383799937563
529,0.5323510520515021,0.00023003422834826003
530,0.5325418559884141,0.0006498260276621658
531,0.5324530317621928,0.00048648240686587286
532,0.5315328119543253,-0.001478653328691235
533,0.5326398278936626,0.0009667704647996401
534,0.5325665517486784,0.0008258517276913709
535,0.5315001617799079,-0.0014491034147599356
536,0.5319876721984328,-0.00037088302927414286
537,0.5325743061464872,0.0009435396874181289
538,0.5330394091645311,0.0019630064817850127
539,0.5323340880832245,0.00048524954588860487
540,0.5315205264857151,-0.001251616078587534
541,0.5321409026136285,0.0001531195081000293
542,0.5318875776575849,-0.00036102986538735776
543,0.532158016299175,0.0002544406830426045
544,0.5315066629485454,-0.0011365065422974197
545,0.5320933267933493,0.0001754490527361886
546,0.532357097148684,0.0007816705340053219
547,0.5324033649626784,0.0009069690196612106
548,0.5313879465272179,-0.0012649791292084704
549,0.5328818202954941,0.00201028028652817
550,0.5316669873506761,-0.0006209959454459283
551,0.5322190138094233,0.0006030331413949614
552,0.5318529170679135,-0.00017851514036379792
553,0.5318563375421931,-0.00014753338971770834
554,0.5316320000727595,-0.0006420198737081699
555,0.5322538025603158,0.0007406889381218288
556,0.5321000413077106,0.0004343995797906943
557,0.53176469144913,-0.0002607445294835728
558,0.5319070599852225,8.9979244911793e-05
559,0.531365211697484,-0.001045303643548983
560,0.5320115667317453,0.0004061730504936781
561,0.5313925230293837,-0.0009170895247741054
562,0.5314556840832894,-0.0007573318155962846
563,0.5318532651392897,0.00013329061245522276
564,0.5314212472582689,-0.0007693408073591691
565,0.5316041099365696,-0.0003553988504459601
566,0.5317168444148073,-9.652355039597188e-05
567,0.5321172454702275,0.0008043829566482957
568,0.5327301464857092,0.002177438479125067
569,0.5320228620916791,0.000651822898835696
570,0.5311659247849184,-0.0011952623150948201
571,0.5324607495738933,0.001675269481367835
572,0.532260178272889,0.001264365349586906
573,0.531851331945368,0.0003943470871389057
574,0.5322439440424143,0.0012904505159980909
575,0.5311389892047719,-0.0010964524025453108
576,0.5306107597772276,-0.0021975730464289843
577,0.531274820990732,-0.0007413660834673305
578,0.5324631017179813,0.001856414186301697
579,0.5312804217176742,-0.0006919908475891438
580,0.5317950215272653,0.00044920976182979424
581,0.5313408897066507,-0.0004784560041872191
582,0.5318206101093617,0.0006120830420482786
583,0.5313424750476864,-0.00040000349671415035
584,0.531664748407344,0.00034687365975033806
585,0.5316701264712722,0.00037513874312683265
586,0.5318574801615248,0.0007785651186578319
587,0.5319292318468615,0.0009782877146366782
588,0.5318330010010627,0.0008098808279686973
589,0.531615286945266,0.00035761633265174355
590,0.5313308507615516,-0.00025981363376074106
591,0.5319690868648119,0.001178098425668614
592,0.5311662040725329,-0.0005506588756280814
593,0.5304893251339277,-0.0020286943102113967
594,0.5315392165754648,0.000308924472826201
595,0.530790412994711,-0.0012794266638005373
596,0.5308910918241866,-0.001026957305461113
597,0.5307277293906107,-0.0013470181327825694
598,0.5317960486731873,0.0009960527582942886
599,0.5314725540334244,0.00031218967774562166
600,0.5321333912493106,0.0018063632716130277
601,0.5315582300547701,0.0005699543628568187
602,0.5308249627736787,-0.0009933302896446639
603,0.5310358032097378,-0.000528623424040745
604,0.5314092512832294,0.0003232602369045937
605,0.5318966398199635,0.001420678959829344
606,0.5316651097245653,0.0009330907533423921
607,0.5312684075493238,8.14262303927091e-05
608,0.5308676905294188,-0.0007720980522975808
609,0.5310623052157204,-0.0002951102297076687
610,0.5310244219714676,-0.00036139763026119253
611,0.5312804845825897,0.00023827627627307445
612,0.5312976004057799,0.00029929972206502306
613,0.5312758106423003,0.0003005543010779507
614,0.5308311943656364,-0.0006515493694376095
615,0.5312845913623403,0.00037556214869006424
616,0.5311035771235417,2.9216020528847668e-05
617,0.531053980435816,-6.254815334276063e-05
618,0.5309749824481761,-0.00021083830419635165
619,0.5315802735710177,0.00114537444118197
620,0.5308238300122804,-0.0005005730569045925
621,0.5304023394945299,-0.0013877150357868133
622,0.531038044406902,2.4031463398174387e-05
623,0.5301452468336365,-0.0019012823760301768
624,0.5312823513647205,0.0006136162528942258
625,0.5307473803227633,-0.0005352859186962577
626,0.5303704209287071,-0.0013234254490332887
627,0.5313703846561442,0.0008893967199344213
628,0.5319334635646121,0.002121150093618577
629,0.5308712523392014,-0.00015375365583597756
630,0.5302805608182736,-0.001377980241982264
631,0.5311053364582301,0.0004250181550671237
632,0.5300983476582312,-0.0017848670014715526
633,0.5313723722366495,0.0010229230122502115
634,0.5310701884517299,0.00041812555872135134
635,0.531001938354569,0.0002998164813061555
636,0.5306607016861902,-0.000414212785156957
637,0.5314878563851636,0.0014175820781439595
638,0.5319847113664099,0.0025451945523669263
639,0.5309215136650555,0.00024502482170424777
640,0.5307707251649779,-6.550998330072394e-05
641,0.5308954875480968,0.0002565842809751709
642,0.5301303112026768,-0.0013965823207509396
643,0.5303328434070383,-0.0009592201276048455
644,0.5310045752164905,0.0005299664243613898
645,0.5306048037786342,-0.0003108652604115199
646,0.5304510991204348,-0.000618326447397066
647,0.531015586916061,0.0006277699061025805
648,0.5306809536492488,-4.7572947517464464e-05
649,0.5303917109845014,-0.0006549331086724145
650,0.5312275510315783,0.0012017737382983905
651,0.5308973641108036,0.0004790949157944198
652,0.5311179691332074,0.000988114436929056
653,0.5303622022442018,-0.0006605027633622217
654,0.53029192662992,-0.0007728247933134659
655,0.530189422377451,-0.0009797050976218249
656,0.5299813928500304,-0.0014136980316776138
657,0.5307736714503728,0.00035208589523100367
658,0.5307891667680803,0.00040884205497886274
659,0.530550236509109,-0.00010605862406041533
660,0.5303295928202328,-0.0005598580573350896
661,0.5306027242349579,8.61677720094007e-05
662,0.5296825684715258,-0.0018972800828153534
663,0.5306971298877221,0.0003528649828644349
664,0.530955301541034,0.0009444574922346551
665,0.5310672273804083,0.0012152101744208614
666,0.530445546462547,-9.106521388482517e-05
667,0.529732817237913,-0.001595318451132394
668,0.5303542753310566,-0.0002252097577498421
669,0.5299434562178792,-0.0010878013794765346
670,0.530976861292722,0.0012322258865922605
671,0.5298237274114477,-0.00127022467445703
672,0.5310512268846427,0.0014271339137250586
673,0.5300404800441066,-0.0007391144399404798
674,0.5310317095046788,0.0014712112110673286
675,0.5308011869416105,0.0009837398517229881
676,0.5310734703370693,0.0015997909579231705
677,0.5293053771657784,-0.002266868596797169
678,0.5300436154890794,-0.0006381327211400507
679,0.529697172142172,-0.0013733170554150092
680,0.5307860307082075,0.0010304137995917869
681,0.5303738161885819,0.00014560140296493603
682,0.5301249711889742,-0.0003803478175326865
683,0.5299477020629962,-0.0007601113932598211
684,0.5295242221108025,-0.0016495676499545004
685,0.5297315941450157,-0.001164776172852079
686,0.5305378791674115,0.0006278473855203691
687,0.5298859811061157,-0.000783169539221601
688,0.5304066464710894,0.00035249062331874466
689,0.5301468921185993,-0.000183441048996164
690,0.5301527958148791,-0.0001396789201503938
691,0.5293318518917804,-0.0019092679569197072
692,0.5308749805840813,0.0014819139245888762
693,0.5296225247142702,-0.0012410830708553956
694,0.5300763954985266,-0.0001957600848020948
695,0.5294719162936938,-0.0014789631082868506
696,0.5302289056646674,0.00020506442826580888
697,0.5298015607722739,-0.000668212546839911
698,0.5299534584692257,-0.00029794960275915513
699,0.5291236340403495,-0.0020682313225763847
700,0.5297684387275546,-0.0006311480769414676
701,0.5307524479483282,0.0015238995621524628
702,0.5305877133540601,0.0011898260677348034
703,0.5299261263173018,-0.00021183959217241886
704,0.529745964431392,-0.0005762291524657391
705,0.5296683848274929,-0.0007369725313925136
706,0.530488420977589,0.001090312506767911
707,0.5298947883333249,-0.00016482006606705334
708,0.5298000145934307,-0.000355686286536
709,0.5301598997783671,0.00045901779163278617
710,0.5300873103912269,0.0003158491426024073
711,0.5302218094548294,0.0006349491548987475
712,0.530100773464355,0.00038254702974609974
713,0.5299061424565578,-2.3100277593373287e-06
714,0.529616975251589,-0.0006092793152216328
715,0.5298170585927607,-0.00014763990788628075
716,0.5303659841647506,0.0010921082060304727
717,0.5299112861130433,0.00014860527046605185
718,0.5290323554710508,-0.0017537696727762191
719,0.5296431694041869,-0.00039218170741254723
720,0.5297755554498061,-6.561159912054955e-05
721,0.5300016564787987,0.0004537869466625986
722,0.5304679767218209,0.0014752784092920807
723,0.5295742480321443,-0.00041504608550723543
724,0.5296130602837757,-0.0002845381601744542
725,0.5292370312438338,-0.0010656329504524873
726,0.5302078097708978,0.0010549089099596716
727,0.5290516871909887,-0.0014451495594831327
728,0.5297645536247043,0.00012232036156865404
729,0.5294973310696607,-0.00041763528461714444
730,0.5292228676222929,-0.0009728786224276955
731,0.5291538444134005,-0.0011027853776211386
732,0.5295000663271271,-0.0003227446222550001
733,0.5289939906134801,-0.0014097054365532961
734,0.530334296564444,0.001541453248506605
735,0.529650152608476,7.184157713593078e-05
736,0.5289279212550204,-0.0014803694126702513
737,0.5284447002648346,-0.002520471635327107
738,0.5300455714236953,0.0009807913572868982
739,0.5285880361231126,-0.0021493162720906222
740,0.5294885552922912,-0.00012606132094507803
741,0.5298288806481398,0.0006276385407415523
742,0.5297006002697323,0.00035467437835607816
743,0.5297890934605586,0.0005884641616041104
744,0.5290031825898841,-0.0010690650562420595
745,0.5294265347433118,-0.00012008883452287214
746,0.5292536860595504,-0.00048336308641489824
747,0.5296451155170072,0.00036991796093004776
748,0.529227528282626,-0.0005224066440561143
749,0.5289772916981645,-0.0010364777399730993
750,0.5287933154039073,-0.0013983061095551815
751,0.5305468404286169,0.0024511961576741646
752,0.5295212225899635,0.0002457907227345238
753,0.5293985261584578,2.319180572594176e-05
754,0.5293004600404471,-0.00019395140778372412
755,0.5292799770075683,-0.00023718859014829231
756,0.5295735523025977,0.00041071452681115884
757,0.5300867098082767,0.0015716574489446867
758,0.5291629722421191,-0.0004289225125065934
759,0.5305988301827033,0.002720883700237444
760,0.5294538332297924,0.00024372179019629804
761,0.5297870355525646,0.0009785929877667266
762,0.5293015395315225,-6.324290179642789e-05
763,0.5299271726090895,0.0013155458949203086
764,0.5286407921023671,-0.0014751253273255016
765,0.5289696872006909,-0.0007378641486866645
766,0.5285238265885763,-0.0016587431980125238
767,0.5289578353063817,-0.0006907239168826247
768,0.5292985102666337,8.655161948878817e-05
769,0.5291811129174354,-0.0001237232325189543
770,0.5293426310160881,0.00023097430505415688
771,0.5294559219798537,0.00047667175338170643
772,0.5291308529678783,-0.0002267090246166438
773,0.5287167092276485,-0.0011086257134238615
774,0.5290796501137928,-0.0003123324020665478
775,0.5295495027529667,0.0007381170403755646
776,0.5293318516865656,0.00028496180626827363
777,0.5289436434565447,-0.0005218513655723607
778,0.5301008219380271,0.0020190708348638664
779,0.5293538273280605,0.0004119703817186953
780,0.5297419803553767,0.0013023620111809755
781,0.5295259534278121,0.0008571354618140234
782,0.529128059717638,1.564298557314831e-05
783,0.5284945376443257,-0.0013685278634756554
784,0.5289920333297109,-0.0002723454946050531
785,0.5287428613240615,-0.0007918827325182401
786,0.5299170147213798,0.001786035956917533
787,0.5304082657002673,0.002881465675409138
788,0.5294176703166326,0.000747677662777922
789,0.5284250974960434,-0.0013767236658401333
790,0.5286739098689995,-0.0008074084026900211
791,0.5288885196186139,-0.0003068032108707787
792,0.5293442603977255,0.000731647870547708
793,0.5300045605120186,0.002188290355984388
794,0.5295436145422813,0.0012004052172958064
795,0.52803495447519,-0.002038618537955367
796,0.528947304497268,-2.4117725989248373e-05
797,0.5292865373313975,0.0007276764965422928
798,0.5289366423560649,-2.484009240016988e-05
799,0.5295573611706069,0.0013367789253975024
800,0.528947656866804,3.0367357185758234e-05
801,0.5295789421256868,0.0014459757048756402
802,0.5290484086157523,0.000330749148487216
803,0.5292276132373903,0.000740677967775673
804,0.5288447009273971,-7.412541153875895e-05
805,0.5285910946540261,-0.0006230147538766773
806,0.5287069237251913,-0.00036419931846246446
807,0.5289812009209254,0.00025734611291470405
808,0.5289581178668098,0.0002473982223934175
809,0.5283124317520109,-0.001130957331873294
810,0.5292027564289667,0.0008307388495776727
811,0.5289306737618452,0.00026226338182717843
812,0.5292098898454375,0.0009041600055645246
813,0.5293529649279962,0.001236340120221704
814,0.5287433861753353,-6.17761231910386e-05
815,0.5284141084996017,-0.0007474285470344469
816,0.5286019211901888,-0.0003184127041311531
817,0.5287965251461852,0.0001354663081092044
818,0.528141353802869,-0.0012736203502342564
819,0.527788303573936,-0.002026275034147146
820,0.528266262743854,-0.000945677368894092
821,0.5292582015732479,0.0012487908897360232
822,0.5291540791715229,0.0010200598108051758
823,0.5286402024880099,-6.0891886186189294e-05
824,0.5283943007898191,-0.0005422955752382733
825,0.5285777595798806,-9.188365817650429e-05
826,0.529118865957859,0.0011105074647501467
827,0.5288336481017237,0.0005146463268169862
828,0.5283526292454819,-0.0005067816033896508
829,0.5283562833264703,-0.0004948890526642402
830,0.5280301601378378,-0.0011403035192698392
831,0.528846377063689,0.0006596043174882134
832,0.5286735286507485,0.0002836793420980953
833,0.5282076301821427,-0.0006916009327127115
834,0.5275876216399594,-0.002013431988147332
835,0.528492431290851,-4.933731212537344e-06
836,0.5284124358852275,-0.00014112399680268718
837,0.528416831389514,-9.92938836233477e-05
838,0.5283938863161293,-0.00014486493087267988
839,0.528784853630317,0.0007053777715801205
840,0.5277035841989044,-0.0016208295913745833
841,0.5280027605847523,-0.0009717812066074518
842,0.5284111457623278,-5.5249627233093954e-05
843,0.5282264617245591,-0.0004602413309643109
844,0.528402267304114,-4.906554061749616e-05
845,0.5284471336470974,7.283826626024273e-05
846,0.5281543604318304,-0.0005442500392287111
847,0.5284684873978276,0.0001177565531750804
848,0.5283790448230491,-6.735189790125129e-05
849,0.5296495911591247,0.0027373991304934088
850,0.5301016788999168,0.0037315354273566703
851,0.5284838687499707,0.00023196796863754967
852,0.5286464327507115,0.0006191764063898672
853,0.5284008448477485,9.130160301412556e-05
854,0.5286255622281213,0.0006051986810843565
855,0.5286855646840805,0.0007545524441526923
856,0.5282521562940224,-0.0001677772200926667
857,0.528562014766874,0.0005241620900194545
858,0.5282893598745667,-5.47307569167366e-05
859,0.5277274570136931,-0.0012286335734739767
860,0.527280832760202,-0.0021903379980050416
861,0.5279921548898048,-0.0006034705886745505
862,0.5285126374499255,0.0005776483531651446
863,0.5275814022707649,-0.0014302151946405616
864,0.5279612336981617,-0.0005800880756383213
865,0.5280817233729804,-0.00028378965216522043
866,0.5278733074459688,-0.0007289511682258432
867,0.5291569471838651,0.002113123080841906
868,0.5274670602085666,-0.0015448666940361007
869,0.5275470062857778,-0.0013383683866947306
870,0.5279986699664407,-0.0003299345732982741
871,0.5280865236169816,-0.00012016779535697352
872,0.5280113213049673,-0.00024533711415471556
873,0.5281993461317794,0.00017483001244759442
874,0.5279714616567158,-0.0003029002925614269
875,0.5280041231922723,-0.0001847873130809253
876,0.5279520003595856,-0.00024584024070376214
877,0.5280132824687525,-8.989120055709965e-05
878,0.5281910140866642,0.00032256022215644965
879,0.5280407291245922,2.091161831088115e-05
880,0.5277184562039583,-0.000658741099349764
881,0.5288847547339859,0.0019043850368760968
882,0.5278243179351084,-0.00040069687203069275
883,0.5277831360601566,-0.0004509882461918167
884,0.5287568729288257,0.001713173126025307
885,0.5276804312831668,-0.0005948610045241953
886,0.5281973437896804,0.0005522704971166765
887,0.528744055075812,0.0017462782223440702
888,0.5276572735788284,-0.0005964438152251302
889,0.5277060767061087,-0.0004327936903092688
890,0.5273279281372055,-0.0012097678106712097
891,0.5276285762854235,-0.0005173533506769845
892,0.5273402898026264,-0.0011150687403711946
893,0.5276387052451401,-0.00043392698561421503
894,0.5280744433781972,0.0005398481741274778
895,0.5279607216953871,0.0003227207407093129
896,0.5271219517184799,-0.0014987646477237387
897,0.5282234326758597,0.0009367417983533513
898,0.5275707431611807,-0.0004489668415735111
899,0.5276749104533258,-0.00020651196792651394
900,0.5279283166256814,0.0003926297531576769
901,0.5275881110032478,-0.0003312098905240366
902,0.5271425035527061,-0.0012799058323723054
903,0.5270605019965456,-0.0014294536832589525
904,0.5274588960523284,-0.000559156397716395
905,0.5277397923875046,8.884348673415313e-05
906,0.5283654828823092,0.001444806653714272
907,0.527554248758472,-0.00029545793395618447
908,0.527898372119991,0.0004976285460180864
909,0.5266996292425566,-0.002094662672083174
910,0.5272508449310437,-0.0008534375940366792
911,0.5280935438942769,0.0010208934613962018
912,0.5279464913845638,0.0007195226932545494
913,0.5267855753614289,-0.0017968386462803724
914,0.5285509111477545,0.002089107437888646
915,0.5276574731572158,0.00015051791035923545
916,0.5274987498366513,-0.00019043514106472707
917,0.5277705468384132,0.000403228131659871
918,0.527254254192093,-0.00070770208412679
919,0.5277364171117196,0.00034434999398231934
920,0.5277471975584493,0.0004190212140590857
921,0.5271704773093141,-0.0008099886379672753
922,0.5280666982140361,0.0011798707029140147
923,0.5270755777997493,-0.0009591132878432075
924,0.5274956233040741,-1.024136919859261e-05
925,0.5280359329508634,0.0011967068331192891
926,0.5283036243899065,0.0017755403859266625
927,0.5275856130452382,0.00023823273422466125
928,0.5274888875455237,4.622701164592884e-05
929,0.5279048084389714,0.0009800807152221145
930,0.5268984029603963,-0.0011901113994664228
931,0.5275225442353624,0.0001966283246029935
932,0.5273273729318129,-0.00021288349322041934
933,0.5270142989452686,-0.0008858590012063064
934,0.5274080126590104,-2.925152940260852e-05
935,0.5268537048432382,-0.0012186289939040136
936,0.5266694961234141,-0.0016063741608141997
937,0.5272954028694551,-0.00020020753860617175
938,0.5275853847892045,0.0004570247052582008
939,0.5268995296486032,-0.0010290480243005272
940,0.5278197774075184,0.0009901150931526266
941,0.5278085899992274,0.0009888406410251385
942,0.5270612813542942,-0.0006309014958654385
943,0.527896380664274,0.0012075097205831956
944,0.5268411179803654,-0.001090011374790489
945,0.52680365889246,-0.00115226722242463
946,0.5268064744095481,-0.0011197251500951284
947,0.527351890326931,8.45352358108463e-05
948,0.5271908412998716,-0.00020212013704633665
949,0.5269442053787672,-0.0007257385396739478
950,0.526204616632819,-0.0022608735130798404
951,0.526923673512084,-0.0006410797975759092
952,0.5274933074877419,0.0006198251066603496
953,0.5269261477094178,-0.0006002039520907961
954,0.5271806046166138,-2.730726334530448e-06
955,0.527343631961939,0.00038843940445017965
956,0.5271289792685201,-7.406743482055956e-05
957,0.5277414295177908,0.0012934936669316253
958,0.5263596085005935,-0.001729131720923033
959,0.52757319836424,0.0009407567841798574
960,0.5273755322386607,0.0005270272027542377
961,0.5273485177155851,0.00046547290581377504
962,0.5271437875599831,4.064727203890623e-05
963,0.5266985032489586,-0.0008924892386415062
964,0.5268531500834341,-0.000531335403688422
965,0.5269831299911037,-0.00022552836513529593
966,0.5269382034720346,-0.0002810981890329903
967,0.5275207208629284,0.0010156480282448907
968,0.5269809463753922,-0.00012546860718374678
969,0.5264051474511902,-0.0013725970369799717
970,0.526736695224015,-0.0006268231726451449
971,0.5275837606664018,0.0012474739598728713
972,0.5272558950744825,0.000557968325012874
973,0.5272976204004093,0.0006689860199708611
974,0.5275167570436522,0.0011605092469598429
975,0.5276341389300644,0.0014547783643546915
976,0.526796619575372,-0.00033135798724696116
977,0.5274563851196703,0.001114576896355316
978,0.527101598648014,0.00036983571077381285
979,0.5270366055743569,0.00027343762072103226
980,0.5268274241230435,-0.00016653343371029558
981,0.5268156273848715,-0.0001749235959735461
982,0.5269182284385153,9.867132383399395e-05
983,0.5265847829843793,-0.0006070382995308848
984,0.5272097752210225,0.000768988195389505
985,0.5262851197237604,-0.0012304106564381303
986,0.5259865453603377,-0.00186744321420897
987,0.5262715973573141,-0.0012003070876490968
988,0.5256723029859447,-0.0024886343662660613
989,0.526305583627367,-0.001077806657367701
990,0.5262525878004769,-0.0011602037590557582
991,0.5267905787536495,2.5340169623189794e-05
992,0.5260400348485869,-0.0016082191995629303
993,0.5271083437201329,0.0007188194501160829
994,0.5261330721091595,-0.0014034000354787152
995,0.5266616918049624,-0.0002247029376669232
996,0.5266813355536503,-0.0001637273246554209
997,0.5268320512873363,0.0001758083469615555
998,0.5269856228514577,0.0005313628695147812
999,0.5271354530159275,0.0008802553897793626
1000,0.526935420656428,0.0004535091735595522
1001,0.5261211624909652,-0.0012996189296443706
1002,0.5273141737865655,0.0013378684547463136
1003,0.5266783662328535,-1.9526068902807172e-05
1004,0.527385067033898,0.001535418072702132
1005,0.526382608819732,-0.0006282127423956277
1006,0.5265681825699666,-0.00020596652596002103
1007,0.5269582629866324,0.0006560729960365291
1008,0.5260977138853922,-0.0011930148339440011
1009,0.5259920154853325,-0.001411674577971276
1010,0.5265526053193541,-0.0001739530650360397
1011,0.5266751317552644,0.00013578210903272115
1012,0.526094617395447,-0.0011303279185854043
1013,0.5270310967619652,0.0009410723456159365
1014,0.5265281714799717,-0.00010935861799637234
1015,0.5263368102727938,-0.00048918661679634
1016,0.526166453135072,-0.0008239553437689116
1017,0.5268352398437738,0.0006565426508788072
1018,0.5267490904434934,0.0004961953003117743
1019,0.527258528655469,0.0016350387357402386
1020,0.526858157358068,0.0007741953517820278
1021,0.5267403712527461,0.0005340631931506572
1022,0.526363200407931,-0.0002716920342682588
1023,0.5268673233692893,0.0008429994941124818
1024,0.5263190385332341,-0.0003435064783047014
