# window_lo,window_hi,n_gaps,mean_gap,rho1_ci_lo,rho1_ci_hi,rho_1,rho_2,rho_3,rho_4,rho_5,rho_6,rho_7,rho_8,rho_9,rho_10,rho_11,rho_12,rho_13,rho_14,rho_15,rho_16,rho_17,rho_18,rho_19,rho_20,rho_21,rho_22,rho_23,rho_24,rho_25,rho_26,rho_27,rho_28,rho_29,rho_30,rho_31,rho_32,rho_33,rho_34,rho_35,rho_36,rho_37,rho_38,rho_39,rho_40,rho_41,rho_42,rho_43,rho_44,rho_45,rho_46,rho_47,rho_48,rho_49,rho_50,rho_51,rho_52,rho_53,rho_54,rho_55,rho_56,rho_57,rho_58,rho_59,rho_60,rho_61,rho_62,rho_63,rho_64
10000,30000,2016,9.92262,-0.132987,-0.0379401,-0.094895614,-0.046312692,-0.025230874,-0.027410462,-0.014667245,-0.032420604,-0.007942355,0.023847971,-0.012186947,-0.036405448,0.040829798,-0.0070130574,-0.027677581,0.0085066518,0.0081282282,0.006492246,0.030758749,-0.0098019431,-0.0020424303,-0.048037493,0.058638695,-0.0051016727,-0.0035489659,-0.048519531,0.05425352,0.0076465259,-0.010513501,-0.018706626,0.020229432,-0.002112945,-0.0029170057,-0.012016351,0.0045934821,-0.030087269,-0.01253122,0.0091981187,0.010429036,-0.029633386,0.0058683744,-0.024027788,-0.010784568,-0.011621728,0.030793124,-0.018874798,0.0091417648,-0.027736929,0.0053006739,0.013274884,-0.057323722,-0.015961235,0.0036355234,0.0064445687,-0.026531045,8.5594883e-05,-0.001568643,0.031133626,0.01238284,-0.035352517,-0.015255222,0.017097761,0.002637615,0.025931779,0.012049809,0.013505242
30000,100000,6347,11.027572,-0.10590704,-0.064548694,-0.086882238,-0.041126007,-0.0078303625,-0.013603687,-0.038513728,0.011113167,-0.010461424,-0.020752121,-0.0085715017,-0.022114872,-0.019149115,-0.002648678,0.0074784164,-0.0050922751,-0.0085688618,0.012233998,-0.02030263,-0.017707016,0.015152251,0.0042697435,-0.01066446,0.0092347571,0.013405834,0.0052212373,-0.0025555166,-0.022478991,-0.012195467,0.020116941,0.0022082899,-0.01980974,0.0043738911,-0.0079764839,0.0099540796,-0.0011386485,0.0046883621,-0.012842018,0.010798758,0.0052075939,-0.00092623205,-0.0028367629,-0.0084314716,0.0012372362,0.013105507,-0.0066596448,-0.013285457,-0.011629156,0.002478279,0.016393319,-0.011200232,-0.025315163,0.0004011068,-0.004202571,-0.019604275,0.013533495,0.017410156,-0.023789418,0.014186423,-0.0075266741,-0.011862379,-0.01013282,-0.0023607561,0.0074357544,0.014706662,0.005141544
100000,300000,16405,12.191649,-0.068949548,-0.039871246,-0.055792883,-0.029448869,-0.029134936,-0.0079844612,-0.018055997,-0.01729143,0.0034332245,-0.011329047,-0.0023427788,-0.0065134259,-0.0019347,-0.0038074633,-0.0014068644,0.00049516342,0.0068280408,-0.0022523072,0.0037426046,-0.0052202241,-0.0042386904,-0.00079736044,-0.0079200745,-0.008524414,-0.010026991,0.0065666811,0.0068837538,0.0020489288,-0.0039159626,-0.016031301,0.0046680204,-0.012995229,0.00024631717,-0.00035988342,-0.0018404541,-0.0082897435,-0.012244515,-0.0043743985,-0.0078306153,-0.0038724606,-0.012351865,0.0054507532,-0.0045617889,-0.0025872178,-0.0047884417,-0.0079595139,0.0083582163,-0.0050615139,0.011186773,-0.0015238782,-0.0082156634,-0.008782368,-0.0041472145,0.00059834737,-0.0035417985,0.018695291,-0.008642616,0.0051284302,-0.022050129,-0.0034701283,-0.007043967,0.011029281,0.00033586349,0.0089239452,-0.0071012997,-0.011012989
300000,1000000,52501,13.333003,-0.059344798,-0.04330379,-0.051558913,-0.020134367,-0.01117752,-0.01687212,-0.011556526,-0.0078957578,-0.0063609273,-0.0077325102,0.0099924295,-0.0064647291,-0.01457996,-0.002740565,-0.0062958272,-0.0085421786,0.0024114961,-0.0062999654,-0.00051083065,-0.0066312175,-0.0059079611,-0.0051324537,-0.00097576727,0.0063803737,-0.0026685277,-0.0058587477,-0.012639682,-0.004480943,-0.0032398938,0.00071210038,0.00084541272,-0.0079250899,-0.0077388342,-0.0019283028,-0.0050246938,-0.00010452997,-0.0013763894,0.0027016508,0.0048649118,-0.0048568998,0.0024832629,0.0025983581,-7.6318412e-05,0.0024994118,-8.0039707e-06,0.00490842,-0.0010392927,-0.00088439943,0.0048540473,-0.0043454558,0.0053801316,0.0038362377,-0.0030550158,-0.00057672898,-0.011146207,-0.0044470363,-0.0042415566,-0.0069620285,0.004423596,-0.0046998656,0.00061374158,-0.0030636689,-0.0019476311,-0.0054597109,-0.0027504966,0.0036260859
1000000,3000000,138318,14.459535,-0.056504115,-0.04657549,-0.051880815,-0.025215456,-0.012138342,-0.0086095075,-0.0090045455,-0.0052600139,-0.0090716446,-0.01050398,-0.0081568359,-0.0029284535,-0.0021300658,-0.0053939537,-0.0041361929,-0.0072504827,-9.0521563e-05,-0.0035140788,-0.0049283203,-0.0050977269,-0.0032015368,-0.00016112129,-0.0029845675,-0.0016166816,0.0012037809,-0.0035797887,-0.0030316874,0.00029926214,0.004915765,0.0018904099,0.00093232832,-0.00095285923,-0.0019490238,0.0037897656,-0.004997204,-0.0036162772,-0.00048928602,-0.0026242277,-0.0074371782,-0.007181541,0.00049459109,-0.0012603607,3.403867e-05,-0.00051456799,0.0013459014,-0.0033841177,-0.0035747352,0.0036702958,-0.00067204743,-0.00081100265,0.00016124703,-0.0010592584,-0.00022597734,-0.0010405593,0.0003025977,0.0033250457,0.00057791783,0.0011693698,0.00095155401,-0.0012489867,0.0026438392,-0.0011068298,-0.0056849125,3.3878467e-05,-0.0051629027,-0.00071184254
3000000,10000000,447763,15.633275,-0.045702634,-0.040158713,-0.043331513,-0.019854617,-0.01758444,-0.012721548,-0.0081475617,-0.0087632008,-0.004338608,-0.0069371555,-0.0042927959,-0.0076655331,-0.0056174176,-0.0018642153,-0.0023497128,-0.0030982275,-0.002387051,-0.0038353187,-0.0026439825,-0.0020261171,-0.0040579874,-0.0030518429,-0.002030463,-0.0044846984,-0.00043041481,-0.0019755184,-0.0025927343,0.00018930241,-0.00048590386,-0.0022898044,-0.0025507181,-0.0044543834,0.0013424704,-0.0012772779,-0.0011966583,-0.0012367882,-0.0007181195,-0.00088085057,-0.0021135702,-0.00062353535,-0.0007302235,-0.0014725376,-0.0028114188,-0.00013141468,-0.00091180672,-0.0018668953,-0.0011468148,-0.0038542512,0.00023768401,0.00037534197,-0.0013419518,-0.0031819217,-0.0026821756,-0.00060011935,0.00090745075,2.5155632e-05,-0.00082226846,-0.00094259362,0.00064345265,0.0014428343,-0.0044532609,-0.0023634263,-0.0010260887,-1.2775254e-05,-0.0039810774,0.0023824898
10000000,30000000,1193280,16.760511,-0.039379941,-0.035934684,-0.037930619,-0.02099204,-0.013377996,-0.010417416,-0.0059232519,-0.0078012318,-0.0055180535,-0.0063638786,-0.0044141622,-0.0038479712,-0.0029326408,-0.0044591026,-0.001972278,-0.0029431581,-0.0045023103,-0.0026034682,-0.0025715232,-0.003991052,-0.0025857494,-0.0016849039,-0.0005611658,-0.0014373743,-0.0023873198,-0.0019957359,-0.00037484704,-0.001764222,0.00029319008,-0.0010503835,-0.0018853023,-0.00085260167,-0.0022351862,-0.00056675971,-0.0010150282,-0.0018192445,-0.0012047455,9.3920636e-07,-0.0013235978,-0.0011949075,-0.0016027036,-0.00027491801,-0.0022174414,-0.0012217636,-0.0010785508,-0.0022366892,-0.00020813898,0.00024816495,-0.0026953827,-9.0919572e-05,-0.00096698424,-0.0011044822,-0.0027978466,-0.00061775596,0.00038750772,-0.0010217892,-2.208262e-05,-0.0015198087,-0.0006131568,-0.00038596631,-0.00050945314,-0.0023666037,-0.0014117284,0.00016008251,-0.00012569743,-0.00014597652
30000000,100000000,3903596,17.932185,-0.036529761,-0.034640985,-0.03578151,-0.016994431,-0.011994402,-0.0094407698,-0.0073494499,-0.0064827133,-0.0063818209,-0.0040526952,-0.0041421141,-0.00353641,-0.0032773059,-0.0024996321,-0.0028286943,-0.0027524247,-0.0033116978,-0.0036804858,-0.0028974043,-0.0024804908,-0.001258608,-0.0019664366,-0.0018645163,-0.0017572889,-0.0019371806,-0.00084325002,-0.0018508742,-0.001302792,-0.0013791108,-0.00075367575,-0.0011402059,-0.0018381761,-0.00018682912,-0.0014074818,-0.001848719,-0.00025910211,-0.0016599335,-0.0019015002,-0.00075880538,-0.0011159027,-0.001668713,-0.00091429302,-0.00060049083,-0.0013228277,-0.00086952426,-0.00085120308,-0.0013444721,-0.00076304735,-0.00037382533,-0.00047969885,-0.00073109548,-0.0012468947,-0.0012474706,-0.0011149899,-5.479471e-05,-2.4570578e-05,-0.00054645252,-0.00067757224,0.00072080842,-0.0010625189,-0.0010655213,-0.00077839253,7.8602671e-05,-0.00036480991,-0.0011130957,-0.00070984435
100000000,300000000,10490870,19.064196,-0.033107283,-0.031987226,-0.032765945,-0.01642707,-0.011221686,-0.0082624954,-0.0066805908,-0.0060599748,-0.0048884789,-0.004914115,-0.0041831296,-0.0035822731,-0.0035174293,-0.0030245023,-0.0029739449,-0.0028856446,-0.0026184651,-0.0026908206,-0.0020380111,-0.0016279101,-0.0015806426,-0.00088670815,-0.0014766115,-0.0010663842,-0.00090315492,-0.0012161066,-0.0012292789,-0.0017201509,-0.0012747312,-0.0014994775,-0.0015047471,-0.0013089246,-0.0008593515,-0.0012601004,-0.0010613654,-0.0016531039,-0.00048235351,-0.001051522,-0.0013340328,-0.0009742536,-0.00061669744,-0.00078910893,-0.0011293349,-0.00091906028,-0.00076220611,-0.00041774307,-0.0011454206,-0.00031198113,-0.0008397674,-0.00074267328,-0.00081146377,-0.0013236,-0.00053582287,-0.0010107923,8.0249928e-05,-0.000490839,-0.00025884829,-0.001118719,-0.00059692908,-0.00087246225,-0.00050289766,-0.00070454055,-0.00092448647,-0.00058288776,-0.0007423577,-0.00031258634
300000000,1000000000,34595208,20.234014,-0.030669611,-0.030035893,-0.030536196,-0.015122622,-0.010354192,-0.0079676649,-0.006559215,-0.0057335789,-0.004512526,-0.0043114244,-0.0033380755,-0.0029093844,-0.0025961287,-0.0027335273,-0.0025976535,-0.002720777,-0.0022872046,-0.0025072717,-0.0021081192,-0.0014481037,-0.0018324591,-0.001415888,-0.0011398899,-0.00088059246,-0.0010604855,-0.0010386053,-0.0012208612,-0.0014820172,-0.0011147213,-0.001224539,-0.0013161469,-0.0013229245,-0.0010880453,-0.00070078365,-0.00098335863,-0.0010872948,-0.00099802104,-0.00092143282,-0.0010753074,-0.0012099351,-0.001100415,-0.00057274946,-0.00053783796,-0.00059634225,-0.00072415223,-0.00078480542,-0.00048114077,-0.00074591942,-0.00061330511,-0.00050420816,-0.00093905378,-0.00053875374,-0.00087411985,-0.0006526228,-0.00062989616,-0.00068412013,-0.00058412084,-0.00062922956,-0.00054064087,-0.00026101481,-0.0007073225,-0.00053485063,-0.00022987597,-0.00074519802,-0.00055356191,-0.0007878776
