a,b,count
2,2,1
2,4,379508
2,6,351263
2,10,459665
2,12,333815
2,16,223947
2,18,285451
2,22,188171
2,24,162717
2,28,222415
2,30,145831
2,34,88237
2,36,79259
2,40,109052
2,42,67246
2,46,42001
2,48,51162
2,52,29578
2,54,32800
2,58,32414
2,60,25892
2,64,16368
2,66,14937
2,70,18298
2,72,8251
2,76,7900
2,78,9823
2,82,5906
2,84,5242
2,88,5368
2,90,4313
2,94,2244
2,96,2474
2,100,2460
2,102,1493
2,106,1202
2,108,1572
2,112,1001
2,114,732
2,118,825
2,120,740
2,124,480
2,126,387
2,130,399
2,132,247
2,136,179
2,138,317
2,142,114
2,144,81
2,148,139
2,150,126
2,154,82
2,156,68
2,160,55
2,162,39
2,166,33
2,168,42
2,172,18
2,174,16
2,178,20
2,180,22
2,184,12
2,186,5
2,190,9
2,192,6
2,196,6
2,198,5
2,202,3
2,204,5
2,208,3
2,210,5
2,220,3
2,222,1
2,226,3
2,234,1
2,250,1
4,2,379748
4,6,513062
4,8,298306
4,12,252116
4,14,306616
4,18,228758
4,20,245039
4,24,181150
4,26,196947
4,30,156403
4,32,83221
4,36,106046
4,38,77372
4,42,61123
4,44,47552
4,48,37236
4,50,45745
4,54,27470
4,56,40087
4,60,26218
4,62,16006
4,66,24258
4,68,10110
4,72,7831
4,74,8541
4,78,6569
4,80,8978
4,84,5577
4,86,4976
4,90,3879
4,92,2354
4,96,2848
4,98,2147
4,102,1407
4,104,1285
4,108,1186
4,110,1394
4,114,718
4,116,846
4,120,692
4,122,458
4,126,597
4,128,252
4,132,232
4,134,190
4,138,155
4,140,200
4,144,85
4,146,106
4,150,167
4,152,68
4,156,81
4,158,36
4,162,27
4,164,38
4,168,25
4,170,35
4,174,22
4,176,23
4,180,9
4,182,7
4,186,15
4,188,2
4,192,5
4,194,7
4,198,3
4,200,3
4,204,1
4,206,4
4,210,1
4,212,2
4,216,1
4,218,1
4,230,2
4,234,1
4,276,1
6,2,351363
6,4,513131
6,6,595279
6,8,366620
6,10,389958
6,12,468315
6,14,381597
6,16,214671
6,18,337999
6,20,233838
6,22,211980
6,24,352089
6,26,110754
6,28,133433
6,30,254073
6,32,80154
6,34,114115
6,36,144033
6,38,65559
6,40,75722
6,42,107318
6,44,61748
6,46,37418
6,48,62107
6,50,48627
6,52,28542
6,54,63098
6,56,21973
6,58,19578
6,60,49165
6,62,13301
6,64,22448
6,66,21113
6,68,10628
6,70,15671
6,72,15148
6,74,9828
6,76,5971
6,78,13999
6,80,6435
6,82,4354
6,84,12339
6,86,2924
6,88,3033
6,90,6953
6,92,2620
6,94,2842
6,96,3448
6,98,2178
6,100,2157
6,102,2469
6,104,1880
6,106,1131
6,108,1717
6,110,1152
6,112,799
6,114,1753
6,116,460
6,118,482
6,120,1352
6,122,324
6,124,500
6,126,691
6,128,236
6,130,371
6,132,384
6,134,286
6,136,143
6,138,274
6,140,205
6,142,115
6,144,257
6,146,75
6,148,110
6,150,190
6,152,52
6,154,117
6,156,71
6,158,33
6,160,62
6,162,87
6,164,35
6,166,19
6,168,52
6,170,22
6,172,26
6,174,43
6,176,21
6,178,8
6,180,17
6,182,5
6,184,16
6,186,12
6,188,4
6,190,9
6,192,8
6,194,7
6,196,2
6,198,14
6,200,3
6,202,1
6,204,10
6,206,2
6,208,3
6,210,8
6,212,4
6,214,1
6,216,3
6,222,1
6,230,1
6,234,2
6,236,2
6,240,1
6,242,3
6,244,1
8,4,297333
8,6,366440
8,10,353928
8,12,286318
8,16,167649
8,18,169007
8,22,209264
8,24,101994
8,28,110403
8,30,122195
8,34,78637
8,36,61151
8,40,65130
8,42,66992
8,46,32538
8,48,32045
8,52,34175
8,54,17502
8,58,17794
8,60,20469
8,64,9947
8,66,11273
8,70,15159
8,72,8830
8,76,6300
8,78,4745
8,82,5020
8,84,3815
8,88,2600
8,90,3571
8,94,1632
8,96,1560
8,100,1749
8,102,1791
8,106,866
8,108,688
8,112,1011
8,114,484
8,118,476
8,120,482
8,124,324
8,126,311
8,130,306
8,132,317
8,136,115
8,138,106
8,142,126
8,144,99
8,148,67
8,150,66
8,154,47
8,156,36
8,160,34
8,162,44
8,166,21
8,168,25
8,172,25
8,174,11
8,178,8
8,180,8
8,184,9
8,186,1
8,190,7
8,192,3
8,196,4
8,198,5
8,202,6
8,204,3
8,208,2
8,210,2
8,214,1
8,216,2
8,220,1
8,226,1
8,246,1
8,250,1
10,2,459224
10,6,388283
10,8,353915
10,12,345055
10,14,324090
10,18,271437
10,20,233920
10,24,156050
10,26,145435
10,30,144666
10,32,112480
10,36,76472
10,38,71839
10,42,71849
10,44,51258
10,48,41005
10,50,42796
10,54,27327
10,56,31853
10,60,29953
10,62,15070
10,66,14337
10,68,13290
10,72,8860
10,74,9870
10,78,7638
10,80,6698
10,84,5103
10,86,3613
10,90,3968
10,92,2635
10,96,2074
10,98,2253
10,102,1862
10,104,1351
10,108,1080
10,110,1238
10,114,778
10,116,763
10,120,654
10,122,420
10,126,412
10,128,282
10,132,256
10,134,195
10,138,185
10,140,210
10,144,140
10,146,116
10,150,96
10,152,74
10,156,59
10,158,58
10,162,29
10,164,30
10,168,34
10,170,25
10,174,13
10,176,13
10,180,17
10,182,13
10,186,6
10,188,6
10,192,8
10,194,3
10,198,3
10,200,5
10,204,1
10,206,2
10,210,1
10,212,1
10,216,2
10,218,1
10,222,2
10,224,1
10,234,2
10,240,1
10,242,1
10,248,1
10,260,1
12,2,334057
12,4,251595
12,6,466804
12,8,285931
12,10,344663
12,12,330221
12,14,206941
12,16,186101
12,18,358829
12,20,151256
12,22,124930
12,24,173035
12,26,91578
12,28,139054
12,30,223595
12,32,54705
12,34,53525
12,36,86892
12,38,60046
12,40,56586
12,42,73294
12,44,36894
12,46,28911
12,48,62906
12,50,27199
12,52,18682
12,54,33508
12,56,16650
12,58,24637
12,60,29357
12,62,9684
12,64,8827
12,66,18490
12,68,9988
12,70,11024
12,72,11984
12,74,4432
12,76,4889
12,78,11306
12,80,4632
12,82,2720
12,84,5918
12,86,2629
12,88,3236
12,90,5208
12,92,1765
12,94,1360
12,96,2433
12,98,1970
12,100,1734
12,102,1731
12,104,798
12,106,676
12,108,1690
12,110,794
12,112,589
12,114,955
12,116,348
12,118,507
12,120,863
12,122,242
12,124,224
12,126,437
12,128,298
12,130,255
12,132,273
12,134,105
12,136,109
12,138,302
12,140,139
12,142,107
12,144,128
12,146,39
12,148,76
12,150,116
12,152,37
12,154,46
12,156,92
12,158,41
12,160,33
12,162,38
12,164,17
12,166,13
12,168,51
12,170,26
12,172,19
12,174,17
12,176,7
12,178,11
12,180,14
12,182,15
12,184,4
12,186,7
12,188,7
12,190,6
12,192,5
12,194,4
12,196,4
12,198,8
12,200,1
12,206,1
12,208,2
12,210,5
12,212,1
12,214,1
12,216,2
12,218,2
12,220,3
12,234,2
12,238,1
12,240,1
12,248,1
14,4,306609
14,6,382136
14,10,323079
14,12,206182
14,16,227579
14,18,127873
14,22,127271
14,24,107528
14,28,95568
14,30,111483
14,34,61841
14,36,71752
14,40,59417
14,42,40114
14,46,43700
14,48,23038
14,52,23505
14,54,18233
14,58,13732
14,60,18245
14,64,10906
14,66,13491
14,70,11441
14,72,5461
14,76,6639
14,78,4213
14,82,3107
14,84,3355
14,88,2519
14,90,2993
14,94,1639
14,96,2073
14,100,1564
14,102,952
14,106,1003
14,108,613
14,112,566
14,114,450
14,118,374
14,120,477
14,124,281
14,126,345
14,130,258
14,132,135
14,136,189
14,138,99
14,142,88
14,144,66
14,148,52
14,150,73
14,154,38
14,156,49
14,160,24
14,162,28
14,166,22
14,168,14
14,172,13
14,174,12
14,178,9
14,180,8
14,184,6
14,186,5
14,190,3
14,192,3
14,196,6
14,198,2
14,202,3
14,204,2
14,208,1
14,210,2
14,214,1
14,216,1
14,220,2
14,226,1
14,240,1
14,250,2
16,2,224059
16,6,214741
16,8,167668
16,12,186220
16,14,227346
16,18,105524
16,20,128022
16,24,106896
16,26,80893
16,30,75776
16,32,42044
16,36,35546
16,38,34767
16,42,34911
16,44,35644
16,48,18717
16,50,25553
16,54,22721
16,56,11741
16,60,12875
16,62,8216
16,66,6107
16,68,6833
16,72,4408
16,74,5318
16,78,3235
16,80,3706
16,84,3598
16,86,1719
16,90,2189
16,92,1187
16,96,1174
16,98,1100
16,102,776
16,104,1028
16,108,513
16,110,768
16,114,544
16,116,300
16,120,311
16,122,209
16,126,172
16,128,125
16,132,146
16,134,123
16,138,118
16,140,126
16,144,81
16,146,34
16,150,44
16,152,41
16,156,25
16,158,21
16,162,20
16,164,21
16,168,15
16,170,17
16,174,14
16,176,11
16,180,5
16,182,8
16,186,3
16,188,2
16,192,2
16,194,1
16,198,3
16,200,3
16,204,1
16,210,3
16,218,1
16,222,2
16,224,2
16,234,1
16,236,1
16,248,1
16,252,1
18,2,286536
18,4,229202
18,6,339401
18,8,169228
18,10,270770
18,12,359015
18,14,127745
18,16,105087
18,18,181903
18,20,125167
18,22,127137
18,24,151663
18,26,70683
18,28,67665
18,30,130504
18,32,56718
18,34,41458
18,36,65183
18,38,38795
18,40,41519
18,42,80292
18,44,19799
18,46,18763
18,48,34786
18,50,21060
18,52,24669
18,54,19850
18,56,12628
18,58,9339
18,60,24635
18,62,10005
18,64,5959
18,66,14501
18,68,5133
18,70,8567
18,72,9790
18,74,3252
18,76,2766
18,78,5598
18,80,4097
18,82,2952
18,84,4461
18,86,1676
18,88,1528
18,90,3576
18,92,1829
18,94,1237
18,96,1705
18,98,968
18,100,1040
18,102,1801
18,104,520
18,106,532
18,108,1005
18,110,541
18,112,667
18,114,600
18,116,275
18,118,236
18,120,573
18,122,307
18,124,140
18,126,320
18,128,121
18,130,184
18,132,317
18,134,73
18,136,82
18,138,141
18,140,96
18,142,62
18,144,77
18,146,37
18,148,41
18,150,94
18,152,45
18,154,27
18,156,36
18,158,19
18,160,18
18,162,41
18,164,18
18,166,6
18,168,16
18,170,9
18,172,13
18,174,11
18,176,7
18,178,7
18,180,16
18,182,12
18,184,8
18,186,8
18,190,7
18,192,6
18,196,1
18,198,3
18,200,1
18,202,3
18,204,7
18,210,2
18,212,1
18,222,2
20,4,245388
20,6,232642
20,10,234411
20,12,150767
20,16,128862
20,18,125635
20,22,128890
20,24,88287
20,28,82965
20,30,72616
20,34,50195
20,36,49496
20,40,42775
20,42,33743
20,46,25950
20,48,20053
20,52,15330
20,54,14320
20,58,12895
20,60,12538
20,64,10032
20,66,7244
20,70,8441
20,72,4440
20,76,3785
20,78,4316
20,82,2614
20,84,3019
20,88,1925
20,90,2136
20,94,1225
20,96,1084
20,100,1106
20,102,806
20,106,702
20,108,496
20,112,519
20,114,368
20,118,285
20,120,387
20,124,224
20,126,230
20,130,187
20,132,125
20,136,90
20,138,72
20,142,64
20,144,47
20,148,60
20,150,50
20,154,46
20,156,30
20,160,17
20,162,21
20,166,11
20,168,19
20,172,5
20,174,7
20,178,8
20,180,10
20,184,9
20,186,3
20,190,4
20,192,1
20,196,3
20,198,5
20,202,1
20,204,2
20,208,1
20,210,1
20,214,1
20,226,1
22,2,188674
22,6,211694
22,8,209113
22,12,125457
22,14,126512
22,18,127745
22,20,128328
22,24,56204
22,26,57844
22,30,65539
22,32,34328
22,36,32191
22,38,40263
22,42,24819
22,44,19177
22,48,27286
22,50,17416
22,54,10022
22,56,11965
22,60,10148
22,62,7469
22,66,5174
22,68,6401
22,72,3284
22,74,3005
22,78,3896
22,80,3057
22,84,1914
22,86,1506
22,90,2039
22,92,984
22,96,895
22,98,1172
22,102,574
22,104,600
22,108,583
22,110,481
22,114,271
22,116,256
22,120,283
22,122,127
22,126,148
22,128,150
22,132,117
22,134,74
22,138,92
22,140,102
22,144,39
22,146,38
22,150,44
22,152,39
22,156,19
22,158,19
22,162,18
22,164,13
22,168,18
22,170,13
22,174,7
22,176,8
22,180,5
22,182,5
22,186,1
22,188,2
22,192,2
22,194,2
22,200,2
22,204,1
22,206,2
22,210,1
22,212,1
22,224,1
24,2,163261
24,4,181398
24,6,353104
24,8,101773
24,10,157458
24,12,172250
24,14,107000
24,16,106925
24,18,151786
24,20,88204
24,22,56224
24,24,90678
24,26,65211
24,28,49163
24,30,94036
24,32,34854
24,34,31100
24,36,65522
24,38,20049
24,40,28240
24,42,41846
24,44,16489
24,46,23381
24,48,20029
24,50,14832
24,52,8957
24,54,17687
24,56,12077
24,58,6405
24,60,19411
24,62,4564
24,64,4665
24,66,11908
24,68,3394
24,70,5302
24,72,4721
24,74,2938
24,76,3095
24,78,4023
24,80,2471
24,82,1394
24,84,3172
24,86,1754
24,88,1296
24,90,2490
24,92,823
24,94,765
24,96,1694
24,98,595
24,100,748
24,102,1038
24,104,390
24,106,490
24,108,587
24,110,423
24,112,255
24,114,443
24,116,327
24,118,148
24,120,403
24,122,127
24,124,140
24,126,354
24,128,86
24,130,176
24,132,114
24,134,54
24,136,74
24,138,85
24,140,78
24,142,33
24,144,67
24,146,48
24,148,17
24,150,61
24,152,23
24,154,31
24,156,45
24,158,17
24,160,18
24,162,24
24,164,10
24,166,12
24,168,20
24,170,12
24,172,8
24,174,18
24,176,4
24,178,8
24,180,9
24,182,4
24,186,10
24,188,1
24,192,1
24,194,1
24,196,3
24,198,4
24,200,2
24,202,1
24,204,2
24,208,2
24,210,1
24,214,2
24,216,1
26,4,197968
26,6,110476
26,10,145288
26,12,91723
26,16,81016
26,18,70594
26,22,57859
26,24,65209
26,28,47198
26,30,56381
26,34,38784
26,36,19349
26,40,28855
26,42,18393
26,46,11006
26,48,11029
26,52,8965
26,54,10885
26,58,8016
26,60,7444
26,64,6033
26,66,3924
26,70,5128
26,72,2943
26,76,2073
26,78,1849
26,82,1516
26,84,2415
26,88,1065
26,90,1161
26,94,935
26,96,550
26,100,835
26,102,406
26,106,303
26,108,276
26,112,259
26,114,343
26,118,176
26,120,181
26,124,163
26,126,88
26,130,106
26,132,58
26,136,46
26,138,50
26,142,46
26,144,39
26,148,32
26,150,35
26,154,29
26,156,7
26,160,18
26,162,7
26,166,7
26,168,9
26,172,5
26,174,3
26,178,3
26,180,4
26,184,6
26,186,2
26,190,5
26,202,1
26,208,2
26,210,2
26,216,1
26,228,2
28,2,223222
28,6,132938
28,8,110552
28,12,138130
28,14,96177
28,18,66957
28,20,82736
28,24,49497
28,26,47382
28,30,52637
28,32,40882
28,36,23800
28,38,23958
28,42,28360
28,44,15055
28,48,11466
28,50,15571
28,54,7731
28,56,8288
28,60,8689
28,62,6906
28,66,4209
28,68,3482
28,72,3839
28,74,2494
28,78,2080
28,80,2290
28,84,1527
28,86,1226
28,90,1421
28,92,1171
28,96,630
28,98,595
28,102,753
28,104,438
28,108,305
28,110,406
28,114,203
28,116,187
28,120,213
28,122,164
28,126,124
28,128,73
28,132,94
28,134,61
28,138,44
28,140,65
28,144,28
28,146,28
28,150,29
28,152,21
28,156,9
28,158,9
28,162,18
28,164,10
28,168,9
28,170,6
28,174,5
28,176,13
28,180,6
28,182,5
28,186,1
28,188,1
28,192,6
28,194,1
28,198,3
28,200,2
28,204,2
28,210,1
28,224,1
28,236,1
30,2,144670
30,4,156313
30,6,254552
30,8,122056
30,10,144610
30,12,222926
30,14,112253
30,16,75978
30,18,130669
30,20,72366
30,22,65356
30,24,94142
30,26,56203
30,28,52505
30,30,84523
30,32,26656
30,34,30561
30,36,51822
30,38,22275
30,40,31126
30,42,37859
30,44,16008
30,46,13573
30,48,25032
30,50,12421
30,52,9946
30,54,19213
30,56,8509
30,58,7053
30,60,13770
30,62,4685
30,64,4334
30,66,8604
30,68,4387
30,70,4932
30,72,5240
30,74,2539
30,76,2282
30,78,4101
30,80,2203
30,82,1848
30,84,3343
30,86,1063
30,88,1234
30,90,2309
30,92,762
30,94,752
30,96,1452
30,98,609
30,100,702
30,102,985
30,104,355
30,106,372
30,108,594
30,110,419
30,112,274
30,114,415
30,116,174
30,118,190
30,120,361
30,122,118
30,124,169
30,126,234
30,128,70
30,130,88
30,132,120
30,134,76
30,136,53
30,138,105
30,140,65
30,142,29
30,144,77
30,146,27
30,148,26
30,150,56
30,152,21
30,154,17
30,156,35
30,158,6
30,160,13
30,162,20
30,164,8
30,166,7
30,168,16
30,170,4
30,172,7
30,174,5
30,176,6
30,178,2
30,180,13
30,182,1
30,184,2
30,186,2
30,188,1
30,190,4
30,192,2
30,194,3
30,196,2
30,198,2
30,200,2
30,202,2
30,204,1
30,206,2
30,208,1
30,210,2
30,212,1
30,224,1
30,228,1
32,4,82971
32,6,80001
32,10,113226
32,12,54432
32,16,41960
32,18,56635
32,22,34621
32,24,34987
32,28,41000
32,30,26616
32,34,17896
32,36,13195
32,40,15193
32,42,11713
32,46,8563
32,48,9390
32,52,6923
32,54,4504
32,58,5488
32,60,4929
32,64,2437
32,66,3012
32,70,3400
32,72,1456
32,76,1274
32,78,1788
32,82,798
32,84,891
32,88,896
32,90,718
32,94,457
32,96,323
32,100,445
32,102,221
32,106,212
32,108,284
32,112,163
32,114,106
32,118,165
32,120,112
32,124,67
32,126,70
32,130,73
32,132,46
32,136,38
32,138,56
32,142,23
32,144,16
32,148,24
32,150,18
32,154,10
32,156,4
32,160,9
32,162,1
32,166,4
32,168,9
32,172,5
32,174,4
32,178,4
32,180,5
32,184,1
32,186,1
32,192,1
32,196,1
32,198,1
32,208,1
32,210,2
32,246,1
34,2,88315
34,6,114873
34,8,78350
34,12,53549
34,14,61726
34,18,41201
34,20,50084
34,24,30956
34,26,39310
34,30,30464
34,32,18137
34,36,24885
34,38,12079
34,42,11357
34,44,10755
34,48,6721
34,50,10405
34,54,5036
34,56,7046
34,60,4392
34,62,2541
34,66,3625
34,68,1888
34,72,1489
34,74,1370
34,78,1488
34,80,1430
34,84,1014
34,86,948
34,90,790
34,92,525
34,96,548
34,98,393
34,102,237
34,104,231
34,108,168
34,110,218
34,114,140
34,116,188
34,120,159
34,122,62
34,126,104
34,128,55
34,132,40
34,134,39
34,138,23
34,140,33
34,144,20
34,146,21
34,150,18
34,152,14
34,156,11
34,158,7
34,162,11
34,164,10
34,168,7
34,170,3
34,174,8
34,176,4
34,180,2
34,186,1
34,188,3
34,192,1
34,194,1
34,210,1
34,234,1
36,2,78438
36,4,105735
36,6,144134
36,8,60867
36,10,76718
36,12,86742
36,14,71829
36,16,36107
36,18,65430
36,20,49521
36,22,32365
36,24,65665
36,26,19726
36,28,23872
36,30,51291
36,32,13316
36,34,24688
36,36,19444
36,38,11090
36,40,13710
36,42,20774
36,44,10786
36,46,5957
36,48,12708
36,50,6664
36,52,5271
36,54,10608
36,56,3861
36,58,3174
36,60,7607
36,62,2730
36,64,3197
36,66,4071
36,68,1776
36,70,2683
36,72,2381
36,74,1784
36,76,1181
36,78,2054
36,80,1069
36,82,798
36,84,2194
36,86,490
36,88,570
36,90,1404
36,92,335
36,94,514
36,96,545
36,98,305
36,100,325
36,102,443
36,104,315
36,106,135
36,108,282
36,110,206
36,112,157
36,114,301
36,116,65
36,118,107
36,120,208
36,122,69
36,124,75
36,126,101
36,128,42
36,130,49
36,132,82
36,134,44
36,136,23
36,138,59
36,140,34
36,142,18
36,144,26
36,146,17
36,148,15
36,150,19
36,152,6
36,154,23
36,156,14
36,158,8
36,160,8
36,162,5
36,164,6
36,166,1
36,168,7
36,170,7
36,172,2
36,174,8
36,176,3
36,178,3
36,180,5
36,182,1
36,184,4
36,186,2
36,188,2
36,190,2
36,192,4
36,196,1
36,198,1
36,200,1
36,210,1
36,214,1
36,216,1
36,222,1
38,4,77454
38,6,65275
38,10,71350
38,12,60226
38,16,34451
38,18,38548
38,22,40428
38,24,20350
38,28,23988
38,30,22550
38,34,12156
38,36,10987
38,40,14085
38,42,12671
38,46,7092
38,48,4963
38,52,6168
38,54,3453
38,58,2935
38,60,4434
38,64,1966
38,66,2026
38,70,2477
38,72,1763
38,76,953
38,78,918
38,82,972
38,84,612
38,88,616
38,90,520
38,94,309
38,96,265
38,100,347
38,102,351
38,106,158
38,108,109
38,112,182
38,114,77
38,118,89
38,120,103
38,124,37
38,126,47
38,130,78
38,132,47
38,136,15
38,138,25
38,142,25
38,144,11
38,148,5
38,150,18
38,154,10
38,156,6
38,160,12
38,162,5
38,166,1
38,168,2
38,172,2
38,174,4
38,178,4
38,180,2
38,184,3
38,190,1
38,192,1
38,196,2
38,202,1
38,204,1
38,210,2
38,220,1
38,234,1
40,2,109317
40,6,75522
40,8,65121
40,12,56503
40,14,58968
40,18,42053
40,20,42797
40,24,28400
40,26,28744
40,30,30881
40,32,15270
40,36,13606
40,38,14004
40,42,11569
40,44,10877
40,48,6847
40,50,7117
40,54,4359
40,56,4633
40,60,3986
40,62,2763
40,66,2548
40,68,2077
40,72,1827
40,74,1362
40,78,1295
40,80,1189
40,84,953
40,86,732
40,90,665
40,92,440
40,96,360
40,98,360
40,102,239
40,104,229
40,108,187
40,110,186
40,114,142
40,116,99
40,120,95
40,122,61
40,126,67
40,128,62
40,132,29
40,134,29
40,138,37
40,140,34
40,144,25
40,146,15
40,150,15
40,152,15
40,156,15
40,158,7
40,162,5
40,164,7
40,168,12
40,170,4
40,174,3
40,176,5
40,180,1
40,186,3
40,188,1
40,192,1
40,194,1
40,198,2
40,204,1
40,210,1
42,2,66791
42,4,61624
42,6,107536
42,8,66973
42,10,71015
42,12,73438
42,14,40558
42,16,34813
42,18,80680
42,20,34113
42,22,24623
42,24,42003
42,26,18423
42,28,28432
42,30,37636
42,32,11731
42,34,11617
42,36,20853
42,38,12424
42,40,11334
42,42,15333
42,44,6177
42,46,6181
42,48,13022
42,50,5910
42,52,3836
42,54,6271
42,56,3163
42,58,3971
42,60,7004
42,62,2078
42,64,1808
42,66,3395
42,68,2196
42,70,2165
42,72,2060
42,74,940
42,76,970
42,78,2322
42,80,921
42,82,583
42,84,1142
42,86,394
42,88,742
42,90,1152
42,92,301
42,94,269
42,96,493
42,98,340
42,100,278
42,102,297
42,104,149
42,106,143
42,108,334
42,110,161
42,112,117
42,114,192
42,116,77
42,118,106
42,120,189
42,122,46
42,124,45
42,126,99
42,128,50
42,130,50
42,132,48
42,134,20
42,136,29
42,138,61
42,140,26
42,142,14
42,144,24
42,146,4
42,148,18
42,150,24
42,152,10
42,154,6
42,156,11
42,158,4
42,160,7
42,162,13
42,164,4
42,166,4
42,168,10
42,170,1
42,174,6
42,178,4
42,180,3
42,182,1
42,184,1
42,186,4
42,190,1
42,192,1
42,198,2
42,202,1
42,204,1
42,210,1
42,214,1
42,220,1
42,240,1
44,4,47614
44,6,61597
44,10,51084
44,12,36910
44,16,35405
44,18,19923
44,22,19168
44,24,16677
44,28,15058
44,30,16146
44,34,10819
44,36,10862
44,40,10916
44,42,6171
44,46,5801
44,48,3310
44,52,2927
44,54,3191
44,58,2163
44,60,2878
44,64,1399
44,66,1925
44,70,1832
44,72,812
44,76,1027
44,78,563
44,82,592
44,84,473
44,88,299
44,90,378
44,94,245
44,96,335
44,100,199
44,102,131
44,106,160
44,108,87
44,112,84
44,114,73
44,118,45
44,120,57
44,124,38
44,126,64
44,130,44
44,132,21
44,136,17
44,138,20
44,142,15
44,144,10
44,148,10
44,150,12
44,154,12
44,156,8
44,160,4
44,162,1
44,166,5
44,168,4
44,172,1
44,178,1
44,180,3
44,186,1
44,190,2
44,196,3
44,204,1
44,234,1
46,2,41926
46,6,37331
46,8,32264
46,12,28822
46,14,42948
46,18,19388
46,20,26237
46,24,23362
46,26,10912
46,30,13617
46,32,8549
46,36,5938
46,38,7167
46,42,6359
46,44,5799
46,48,2966
46,50,3908
46,54,3208
46,56,2355
46,60,2222
46,62,1243
46,66,1415
46,68,959
46,72,717
46,74,912
46,78,611
46,80,796
46,84,712
46,86,311
46,90,346
46,92,215
46,96,129
46,98,162
46,102,127
46,104,156
46,108,112
46,110,103
46,114,83
46,116,41
46,120,57
46,122,42
46,126,37
46,128,21
46,132,26
46,134,22
46,138,14
46,140,14
46,144,10
46,146,8
46,150,11
46,152,3
46,156,4
46,158,3
46,162,5
46,164,5
46,168,1
46,170,1
46,174,4
46,180,2
46,200,1
46,248,1
48,2,51381
48,4,37472
48,6,61939
48,8,32198
48,10,41006
48,12,63214
48,14,22758
48,16,18894
48,18,34904
48,20,19900
48,22,26848
48,24,19840
48,26,10985
48,28,11343
48,30,24581
48,32,9385
48,34,6733
48,36,13222
48,38,4948
48,40,6892
48,42,12958
48,44,3451
48,46,2883
48,48,4899
48,50,3970
48,52,3336
48,54,3621
48,56,2202
48,58,1549
48,60,3644
48,62,1625
48,64,1277
48,66,2040
48,68,795
48,70,1326
48,72,1684
48,74,519
48,76,537
48,78,1053
48,80,511
48,82,574
48,84,757
48,86,238
48,88,261
48,90,568
48,92,306
48,94,143
48,96,256
48,98,133
48,100,193
48,102,291
48,104,82
48,106,109
48,108,155
48,110,78
48,112,92
48,114,92
48,116,42
48,118,31
48,120,130
48,122,39
48,124,21
48,126,73
48,128,16
48,130,22
48,132,50
48,134,13
48,136,13
48,138,20
48,140,9
48,142,15
48,144,11
48,146,6
48,148,5
48,150,9
48,152,10
48,154,6
48,156,8
48,158,4
48,160,7
48,162,9
48,164,1
48,166,1
48,168,7
48,170,3
48,172,1
48,174,1
48,176,1
48,178,2
48,180,1
48,186,3
48,192,1
48,218,1
48,236,1
48,244,1
48,246,1
48,282,1
50,4,45404
50,6,49120
50,10,42237
50,12,27255
50,16,25317
50,18,21134
50,22,17476
50,24,15130
50,28,15495
50,30,12561
50,34,10488
50,36,6445
50,40,7071
50,42,5920
50,46,3935
50,48,3925
50,52,2958
50,54,2533
50,58,2015
50,60,2273
50,64,1463
50,66,1354
50,70,1423
50,72,730
50,76,791
50,78,577
50,82,455
50,84,494
50,88,347
50,90,381
50,94,186
50,96,149
50,100,192
50,102,127
50,106,115
50,108,87
50,112,80
50,114,62
50,118,61
50,120,53
50,124,34
50,126,41
50,130,32
50,132,23
50,136,25
50,138,18
50,142,9
50,144,7
50,148,3
50,150,9
50,154,10
50,156,4
50,160,5
50,162,4
50,166,3
50,168,3
50,172,2
50,174,5
50,178,1
50,180,2
50,184,3
50,186,1
50,196,2
50,220,1
52,2,29537
52,6,28892
52,8,33650
52,12,18717
52,14,23340
52,18,24794
52,20,15594
52,24,8829
52,26,9187
52,30,9895
52,32,6833
52,36,5316
52,38,6170
52,42,3881
52,44,2944
52,48,3272
52,50,2953
52,54,1476
52,56,1789
52,60,1950
52,62,896
52,66,897
52,68,1024
52,72,486
52,74,589
52,78,555
52,80,509
52,84,298
52,86,234
52,90,224
52,92,128
52,96,153
52,98,176
52,102,117
52,104,68
52,108,79
52,110,71
52,114,38
52,116,52
52,120,43
52,122,24
52,126,11
52,128,16
52,132,14
52,134,15
52,138,16
52,140,9
52,144,8
52,146,7
52,150,6
52,152,5
52,156,1
52,158,4
52,164,2
52,168,1
52,170,1
52,180,3
52,182,1
52,188,1
52,192,1
52,194,1
52,200,1
54,2,32498
54,4,27884
54,6,62927
54,8,17640
54,10,27460
54,12,33376
54,14,18290
54,16,22687
54,18,19990
54,20,14745
54,22,9863
54,24,17988
54,26,10778
54,28,7683
54,30,19292
54,32,4401
54,34,4971
54,36,10564
54,38,3412
54,40,4316
54,42,6068
54,44,3210
54,46,3120
54,48,3631
54,50,2434
54,52,1544
54,54,2577
54,56,2150
54,58,1310
54,60,2668
54,62,821
54,64,785
54,66,2036
54,68,455
54,70,972
54,72,952
54,74,377
54,76,530
54,78,627
54,80,376
54,82,214
54,84,533
54,86,290
54,88,155
54,90,392
54,92,124
54,94,149
54,96,277
54,98,90
54,100,173
54,102,134
54,104,73
54,106,74
54,108,77
54,110,67
54,112,32
54,114,85
54,116,40
54,118,28
54,120,63
54,122,16
54,124,26
54,126,57
54,128,11
54,130,23
54,132,15
54,134,15
54,136,11
54,138,10
54,140,10
54,142,5
54,144,13
54,146,8
54,148,2
54,150,17
54,152,6
54,154,2
54,156,8
54,158,1
54,160,1
54,162,3
54,164,2
54,166,6
54,168,2
54,170,1
54,174,2
54,184,2
54,198,1
56,4,39912
56,6,22317
56,10,31716
56,12,16655
56,16,11720
56,18,12858
56,22,12041
56,24,12050
56,28,8409
56,30,8343
56,34,7054
56,36,3724
56,40,4619
56,42,3181
56,46,2334
56,48,2124
56,52,1750
56,54,2174
56,58,1253
56,60,1392
56,64,1109
56,66,724
56,70,923
56,72,411
56,76,357
56,78,355
56,82,263
56,84,371
56,88,202
56,90,215
56,94,177
56,96,95
56,100,147
56,102,65
56,106,34
56,108,60
56,112,53
56,114,67
56,118,31
56,120,39
56,124,29
56,126,17
56,130,21
56,132,15
56,136,6
56,138,10
56,142,6
56,144,5
56,148,4
56,150,3
56,154,5
56,156,2
56,160,5
56,162,1
56,166,1
56,168,3
56,174,1
56,184,2
56,214,1
56,232,1
58,2,32128
58,6,19694
58,8,17998
58,12,24615
58,14,13627
58,18,9191
58,20,13004
58,24,6478
58,26,7953
58,30,7245
58,32,5654
58,36,3091
58,38,2996
58,42,4209
58,44,2018
58,48,1574
58,50,1945
58,54,1345
58,56,1241
58,60,1089
58,62,931
58,66,599
58,68,553
58,72,523
58,74,324
58,78,285
58,80,321
58,84,227
58,86,155
58,90,170
58,92,137
58,96,108
58,98,94
58,102,86
58,104,43
58,108,41
58,110,55
58,114,27
58,116,19
58,120,27
58,122,26
58,126,20
58,128,15
58,132,22
58,134,5
58,138,4
58,140,8
58,144,5
58,146,3
58,150,6
58,152,3
58,156,1
58,158,4
58,162,2
58,164,1
58,168,1
58,180,1
58,198,1
60,2,26093
60,4,26298
60,6,49273
60,8,20410
60,10,29802
60,12,29508
60,14,18106
60,16,12895
60,18,24559
60,20,12552
60,22,10369
60,24,19556
60,26,7433
60,28,8852
60,30,13600
60,32,4659
60,34,4443
60,36,7623
60,38,4331
60,40,3959
60,42,6729
60,44,2778
60,46,2252
60,48,3636
60,50,2267
60,52,1948
60,54,2618
60,56,1405
60,58,1174
60,60,2329
60,62,747
60,64,784
60,66,1736
60,68,542
60,70,892
60,72,850
60,74,388
60,76,354
60,78,695
60,80,409
60,82,231
60,84,480
60,86,152
60,88,195
60,90,355
60,92,138
60,94,155
60,96,195
60,98,101
60,100,81
60,102,135
60,104,51
60,106,55
60,108,101
60,110,66
60,112,43
60,114,77
60,116,33
60,118,23
60,120,61
60,122,25
60,124,25
60,126,47
60,128,6
60,130,23
60,132,17
60,134,9
60,136,6
60,138,19
60,140,10
60,142,4
60,144,5
60,146,12
60,148,5
60,150,13
60,154,2
60,156,7
60,160,2
60,162,2
60,164,3
60,166,1
60,168,2
60,170,2
60,172,2
60,174,2
60,176,1
60,180,1
60,184,1
60,186,1
60,192,1
60,216,1
62,4,15863
62,6,13412
62,10,15088
62,12,9617
62,16,8200
62,18,9679
62,22,7452
62,24,4604
62,28,6831
62,30,4845
62,34,2639
62,36,2670
62,40,2777
62,42,2120
62,46,1260
62,48,1752
62,52,889
62,54,781
62,58,1049
62,60,783
62,64,480
62,66,405
62,70,571
62,72,238
62,76,216
62,78,327
62,82,138
62,84,150
62,88,136
62,90,105
62,94,70
62,96,50
62,100,61
62,102,43
62,106,34
62,108,46
62,112,29
62,114,19
62,118,21
62,120,30
62,124,20
62,126,12
62,130,11
62,132,6
62,136,6
62,138,3
62,142,2
62,148,2
62,150,4
62,154,2
62,156,2
62,160,2
62,172,2
62,178,1
62,180,1
62,186,1
62,210,1
64,2,16131
64,6,22494
64,8,9872
64,12,8901
64,14,10884
64,18,6078
64,20,9769
64,24,4773
64,26,5964
64,30,4443
64,32,2551
64,36,3264
64,38,1988
64,42,1780
64,44,1454
64,48,1297
64,50,1392
64,54,821
64,56,1134
64,60,750
64,62,487
64,66,585
64,68,332
64,72,213
64,74,236
64,78,180
64,80,206
64,84,164
64,86,148
64,90,174
64,92,75
64,96,73
64,98,54
64,102,36
64,104,48
64,108,25
64,110,35
64,114,19
64,116,23
64,120,21
64,122,7
64,126,14
64,128,6
64,132,7
64,134,12
64,138,3
64,140,3
64,144,7
64,146,5
64,150,3
64,152,1
64,156,6
64,180,1
64,186,1
64,198,1
66,2,14976
66,4,24162
66,6,21113
66,8,11487
66,10,14266
66,12,18488
66,14,13665
66,16,6223
66,18,14271
66,20,7467
66,22,5142
66,24,11782
66,26,3960
66,28,4215
66,30,8558
66,32,3004
66,34,3721
66,36,3863
66,38,2038
66,40,2453
66,42,3407
66,44,1992
66,46,1370
66,48,2019
66,50,1388
66,52,911
66,54,2042
66,56,721
66,58,617
66,60,1707
66,62,415
66,64,559
66,66,643
66,68,331
66,70,501
66,72,468
66,74,375
66,76,177
66,78,315
66,80,184
66,82,128
66,84,376
66,86,94
66,88,109
66,90,214
66,92,64
66,94,68
66,96,78
66,98,63
66,100,70
66,102,101
66,104,52
66,106,27
66,108,46
66,110,35
66,112,24
66,114,44
66,116,9
66,118,11
66,120,25
66,122,10
66,124,16
66,126,18
66,128,5
66,130,15
66,132,10
66,134,11
66,136,2
66,138,4
66,140,9
66,142,6
66,144,12
66,146,1
66,148,4
66,150,7
66,152,3
66,154,3
66,156,4
66,158,1
66,160,1
66,164,1
66,170,3
66,172,1
66,182,2
66,190,1
66,204,2
66,234,1
68,4,10006
68,6,10654
68,10,13556
68,12,10078
68,16,6645
68,18,5058
68,22,6463
68,24,3534
68,28,3348
68,30,4333
68,34,1869
68,36,1795
68,40,1988
68,42,2140
68,46,961
68,48,790
68,52,1002
68,54,545
68,58,581
68,60,576
68,64,313
68,66,317
68,70,436
68,72,316
68,76,133
68,78,116
68,82,161
68,84,113
68,88,88
68,90,78
68,94,49
68,96,46
68,100,73
68,102,50
68,106,26
68,108,26
68,112,32
68,114,13
68,118,9
68,120,13
68,124,10
68,126,8
68,130,12
68,132,6
68,136,6
68,138,4
68,142,6
68,144,2
68,150,3
68,154,1
68,156,3
68,160,1
68,162,1
68,180,1
68,204,1
68,210,1
70,2,18001
70,6,15941
70,8,15032
70,12,11013
70,14,11334
70,18,8434
70,20,8657
70,24,5315
70,26,5128
70,30,4944
70,32,3409
70,36,2663
70,38,2448
70,42,2308
70,44,1882
70,48,1357
70,50,1452
70,54,961
70,56,902
70,60,877
70,62,616
70,66,494
70,68,403
70,72,316
70,74,241
70,78,254
70,80,234
70,84,179
70,86,122
70,90,126
70,92,83
70,96,71
70,98,78
70,102,29
70,104,41
70,108,36
70,110,38
70,114,22
70,116,18
70,120,25
70,122,11
70,126,9
70,128,10
70,132,6
70,134,5
70,138,12
70,140,10
70,144,1
70,146,4
70,150,3
70,152,2
70,156,1
70,164,1
70,176,1
70,180,2
70,186,1
70,198,1
72,2,8227
72,4,7801
72,6,15307
72,8,8751
72,10,8696
72,12,12092
72,14,5388
72,16,4408
72,18,9810
72,20,4478
72,22,3184
72,24,4710
72,26,3059
72,28,3738
72,30,5176
72,32,1504
72,34,1457
72,36,2471
72,38,1815
72,40,1911
72,42,2133
72,44,812
72,46,698
72,48,1712
72,50,691
72,52,514
72,54,949
72,56,416
72,58,574
72,60,820
72,62,211
72,64,216
72,66,441
72,68,300
72,70,291
72,72,233
72,74,105
72,76,137
72,78,287
72,80,117
72,82,111
72,84,154
72,86,63
72,88,68
72,90,119
72,92,42
72,94,33
72,96,56
72,98,39
72,100,21
72,102,42
72,104,18
72,106,24
72,108,31
72,110,25
72,112,18
72,114,26
72,116,12
72,118,21
72,120,22
72,122,3
72,124,10
72,126,15
72,128,7
72,130,3
72,132,10
72,136,1
72,138,7
72,140,2
72,142,1
72,144,5
72,146,1
72,148,2
72,150,3
72,154,2
72,158,1
72,166,1
72,168,2
72,198,1
72,214,1
74,4,8366
74,6,10048
74,10,9623
74,12,4487
74,16,5311
74,18,3321
74,22,3041
74,24,2965
74,28,2337
74,30,2549
74,34,1454
74,36,1765
74,40,1404
74,42,993
74,46,953
74,48,541
74,52,550
74,54,381
74,58,362
74,60,376
74,64,268
74,66,367
74,70,242
74,72,108
74,76,142
74,78,93
74,82,78
74,84,67
74,88,61
74,90,62
74,94,36
74,96,43
74,100,23
74,102,14
74,106,21
74,108,15
74,112,5
74,114,5
74,118,4
74,120,11
74,124,5
74,126,6
74,130,10
74,132,1
74,136,4
74,148,2
74,150,1
74,154,1
74,162,1
74,168,1
74,178,1
74,192,1
76,2,7873
76,6,5809
76,8,6404
76,12,4763
76,14,6703
76,18,2737
76,20,3829
76,24,3117
76,26,2121
76,30,2261
76,32,1267
76,36,1206
76,38,935
76,42,989
76,44,1010
76,48,561
76,50,805
76,54,533
76,56,367
76,60,352
76,62,223
76,66,186
76,68,150
76,72,141
76,74,168
76,78,108
76,80,106
76,84,103
76,86,44
76,90,45
76,92,36
76,96,23
76,98,30
76,102,9
76,104,26
76,108,7
76,110,9
76,114,11
76,116,5
76,120,7
76,122,7
76,126,5
76,128,5
76,132,4
76,134,5
76,138,2
76,146,1
76,150,1
76,164,1
76,170,1
76,200,1
76,222,1
78,2,9880
78,4,6582
78,6,14179
78,8,4788
78,10,7512
78,12,11190
78,14,4244
78,16,3271
78,18,5605
78,20,4275
78,22,3819
78,24,3812
78,26,1762
78,28,2066
78,30,4113
78,32,1832
78,34,1596
78,36,2090
78,38,920
78,40,1197
78,42,2384
78,44,573
78,46,613
78,48,1086
78,50,568
78,52,568
78,54,650
78,56,373
78,58,259
78,60,698
78,62,296
78,64,213
78,66,352
78,68,134
78,70,255
78,72,310
78,74,86
78,76,128
78,78,148
78,80,88
78,82,78
78,84,122
78,86,37
78,88,48
78,90,117
78,92,41
78,94,20
78,96,47
78,98,28
78,100,26
78,102,46
78,104,11
78,106,13
78,108,16
78,110,20
78,112,16
78,114,11
78,116,8
78,118,7
78,120,14
78,122,10
78,124,4
78,126,9
78,128,1
78,130,5
78,132,7
78,136,1
78,138,4
78,140,4
78,142,8
78,144,4
78,146,1
78,150,1
78,152,1
78,154,1
78,156,4
78,158,1
78,160,1
78,162,2
78,192,2
78,222,1
80,4,8963
80,6,6417
80,10,6602
80,12,4631
80,16,3690
80,18,4156
80,22,3196
80,24,2315
80,28,2309
80,30,2225
80,34,1466
80,36,1161
80,40,1204
80,42,941
80,46,763
80,48,497
80,52,512
80,54,358
80,58,322
80,60,403
80,64,211
80,66,187
80,70,220
80,72,124
80,76,113
80,78,81
80,82,70
80,84,77
80,88,62
80,90,48
80,94,27
80,96,34
80,100,21
80,102,24
80,106,23
80,108,15
80,112,13
80,114,3
80,118,10
80,120,5
80,124,4
80,126,3
80,130,1
80,132,2
80,136,1
80,138,1
80,142,1
80,144,1
80,148,2
80,150,1
80,154,1
80,160,1
80,162,1
80,166,1
80,174,1
80,190,1
82,2,6032
82,6,4410
82,8,5114
82,12,2598
82,14,2985
82,18,3098
82,20,2617
82,24,1463
82,26,1432
82,30,1868
82,32,843
82,36,735
82,38,976
82,42,610
82,44,537
82,48,517
82,50,446
82,54,243
82,56,261
82,60,211
82,62,119
82,66,145
82,68,160
82,72,98
82,74,75
82,78,76
82,80,62
82,84,34
82,86,36
82,90,34
82,92,20
82,96,17
82,98,26
82,102,9
82,104,5
82,108,7
82,110,12
82,114,3
82,116,11
82,120,6
82,122,5
82,126,4
82,128,6
82,132,3
82,134,1
82,140,5
82,144,2
82,146,1
82,152,2
82,156,2
84,2,5208
84,4,5544
84,6,12524
84,8,3685
84,10,5024
84,12,5968
84,14,3416
84,16,3692
84,18,4510
84,20,3119
84,22,1868
84,24,3089
84,26,2363
84,28,1505
84,30,3299
84,32,919
84,34,974
84,36,2153
84,38,648
84,40,975
84,42,1215
84,44,496
84,46,673
84,48,714
84,50,466
84,52,296
84,54,569
84,56,391
84,58,198
84,60,483
84,62,152
84,64,168
84,66,353
84,68,115
84,70,197
84,72,147
84,74,63
84,76,92
84,78,114
84,80,79
84,82,43
84,84,90
84,86,48
84,88,32
84,90,69
84,92,23
84,94,28
84,96,51
84,98,18
84,100,31
84,102,25
84,104,12
84,106,17
84,108,12
84,110,10
84,112,8
84,114,19
84,116,11
84,118,8
84,120,12
84,122,3
84,124,2
84,126,12
84,128,1
84,130,2
84,132,2
84,134,1
84,136,3
84,138,3
84,140,2
84,144,3
84,150,5
84,156,3
84,168,1
84,178,1
84,180,1
84,198,1
86,4,4818
86,6,2950
86,10,3588
86,12,2628
86,16,1693
86,18,1708
86,22,1451
86,24,1822
86,28,1212
86,30,1071
86,34,980
86,36,504
86,40,778
86,42,421
86,46,304
86,48,249
86,52,208
86,54,336
86,58,139
86,60,168
86,64,145
86,66,88
86,70,142
86,72,51
86,76,32
86,78,48
86,82,41
86,84,53
86,88,19
86,90,29
86,94,25
86,96,5
86,100,17
86,102,13
86,106,5
86,108,5
86,112,14
86,114,11
86,118,1
86,120,7
86,124,5
86,126,2
86,132,1
86,142,3
86,154,1
86,156,1
86,160,1
88,2,5226
88,6,2957
88,8,2686
88,12,3291
88,14,2642
88,18,1537
88,20,1976
88,24,1313
88,26,1113
88,30,1164
88,32,924
88,36,497
88,38,602
88,42,710
88,44,340
88,48,250
88,50,337
88,54,149
88,56,194
88,60,167
88,62,158
88,66,115
88,68,92
88,72,84
88,74,50
88,78,48
88,80,46
88,84,46
88,86,20
88,90,19
88,92,23
88,96,10
88,98,14
88,102,15
88,104,9
88,108,9
88,110,10
88,114,3
88,116,6
88,120,7
88,122,1
88,126,6
88,128,3
88,138,1
88,140,1
88,144,2
88,146,1
88,150,2
88,152,1
88,174,1
90,2,4246
90,4,3950
90,6,7088
90,8,3642
90,10,3871
90,12,5292
90,14,2946
90,16,2085
90,18,3573
90,20,2074
90,22,2026
90,24,2597
90,26,1210
90,28,1373
90,30,2218
90,32,676
90,34,775
90,36,1427
90,38,483
90,40,709
90,42,1111
90,44,375
90,46,334
90,48,595
90,50,382
90,52,247
90,54,340
90,56,218
90,58,179
90,60,343
90,62,117
90,64,163
90,66,240
90,68,99
90,70,133
90,72,114
90,74,64
90,76,44
90,78,116
90,80,61
90,82,42
90,84,75
90,86,42
90,88,37
90,90,63
90,92,28
90,94,17
90,96,22
90,98,11
90,100,17
90,102,23
90,104,8
90,106,13
90,108,24
90,110,10
90,112,9
90,114,12
90,116,3
90,118,3
90,120,18
90,122,2
90,124,7
90,126,9
90,128,3
90,130,1
90,132,2
90,134,1
90,136,2
90,138,2
90,140,3
90,142,1
90,144,2
90,146,1
90,150,1
90,154,2
90,156,1
90,158,1
90,162,1
90,168,1
90,246,1
92,4,2445
92,6,2625
92,10,2702
92,12,1615
92,16,1197
92,18,1748
92,22,975
92,24,789
92,28,1161
92,30,774
92,34,522
92,36,368
92,40,432
92,42,337
92,46,197
92,48,305
92,52,133
92,54,132
92,58,153
92,60,132
92,64,78
92,66,73
92,70,79
92,72,51
92,76,43
92,78,45
92,82,19
92,84,33
92,88,23
92,90,25
92,94,7
92,96,2
92,100,12
92,102,3
92,106,7
92,108,9
92,112,6
92,114,2
92,118,4
92,120,3
92,124,2
92,130,2
92,132,1
92,136,3
92,138,1
92,142,1
92,144,1
92,150,2
92,154,2
92,196,1
94,2,2214
94,6,2771
94,8,1681
94,12,1388
94,14,1614
94,18,1200
94,20,1261
94,24,734
94,26,958
94,30,771
94,32,455
94,36,493
94,38,313
94,42,299
94,44,246
94,48,149
94,50,211
94,54,136
94,56,173
94,60,130
94,62,60
94,66,83
94,68,47
94,72,29
94,74,48
94,78,28
94,80,33
94,84,20
94,86,24
94,90,20
94,92,7
94,96,15
94,98,9
94,102,7
94,104,7
94,108,4
94,110,6
94,114,7
94,116,4
94,120,1
94,122,3
94,126,1
94,128,3
94,138,1
94,140,1
94,144,1
94,146,1
94,156,1
94,164,1
96,2,2434
96,4,2859
96,6,3279
96,8,1588
96,10,2047
96,12,2406
96,14,2120
96,16,1149
96,18,1770
96,20,1107
96,22,828
96,24,1784
96,26,579
96,28,694
96,30,1439
96,32,323
96,34,534
96,36,567
96,38,271
96,40,357
96,42,485
96,44,338
96,46,134
96,48,240
96,50,156
96,52,125
96,54,258
96,56,125
96,58,110
96,60,194
96,62,51
96,64,70
96,66,108
96,68,41
96,70,58
96,72,77
96,74,47
96,76,22
96,78,38
96,80,34
96,82,17
96,84,56
96,86,14
96,88,11
96,90,30
96,92,10
96,94,8
96,96,18
96,98,5
96,100,9
96,102,7
96,104,4
96,106,2
96,108,7
96,110,3
96,112,1
96,114,7
96,116,1
96,118,3
96,120,5
96,122,1
96,124,1
96,126,3
96,132,1
96,136,2
96,140,1
96,142,1
96,144,1
96,146,1
96,148,1
96,152,1
98,4,2077
98,6,2270
98,10,2306
98,12,1928
98,16,1035
98,18,918
98,22,1210
98,24,580
98,28,603
98,30,595
98,34,387
98,36,312
98,40,389
98,42,343
98,46,177
98,48,137
98,52,205
98,54,110
98,58,80
98,60,103
98,64,50
98,66,61
98,70,67
98,72,54
98,76,26
98,78,23
98,82,25
98,84,18
98,88,15
98,90,15
98,94,12
98,96,8
98,100,7
98,102,4
98,106,6
98,108,2
98,112,4
98,114,3
98,118,2
98,126,2
98,132,1
98,136,1
98,142,1
98,156,1
98,166,1
98,172,1
100,2,2504
100,6,2037
100,8,1738
100,12,1759
100,14,1657
100,18,1035
100,20,1103
100,24,796
100,26,819
100,30,701
100,32,415
100,36,329
100,38,368
100,42,295
100,44,224
100,48,153
100,50,175
100,54,150
100,56,115
100,60,99
100,62,52
100,66,46
100,68,58
100,72,27
100,74,43
100,78,28
100,80,35
100,84,29
100,86,12
100,90,26
100,92,12
100,96,7
100,98,16
100,102,5
100,104,6
100,108,3
100,110,4
100,114,2
100,116,3
100,120,3
100,122,1
100,126,2
100,128,3
100,132,2
100,134,1
100,138,1
100,150,1
102,2,1510
102,4,1451
102,6,2477
102,8,1718
102,10,1934
102,12,1759
102,14,980
102,16,752
102,18,1790
102,20,782
102,22,573
102,24,1073
102,26,377
102,28,740
102,30,876
102,32,261
102,34,244
102,36,379
102,38,347
102,40,245
102,42,324
102,44,142
102,46,134
102,48,280
102,50,132
102,52,107
102,54,134
102,56,66
102,58,76
102,60,139
102,62,47
102,64,39
102,66,98
102,68,45
102,70,43
102,72,32
102,74,18
102,76,17
102,78,49
102,80,31
102,82,17
102,84,22
102,86,9
102,88,14
102,90,22
102,92,5
102,94,5
102,96,11
102,98,5
102,100,4
102,102,7
102,104,3
102,106,11
102,108,10
102,110,6
102,112,2
102,114,4
102,118,3
102,120,4
102,124,1
102,126,1
102,128,1
102,130,1
102,132,1
102,138,1
102,144,1
102,192,1
104,4,1334
104,6,1790
104,10,1427
104,12,785
104,16,893
104,18,544
104,22,632
104,24,363
104,28,431
104,30,386
104,34,252
104,36,323
104,40,222
104,42,164
104,46,152
104,48,85
104,52,73
104,54,45
104,58,57
104,60,61
104,64,43
104,66,52
104,70,46
104,72,28
104,76,22
104,78,19
104,82,14
104,84,4
104,88,9
104,90,10
104,94,4
104,96,10
104,100,5
104,102,3
104,106,5
104,108,1
104,112,1
104,114,3
104,118,2
104,120,1
104,126,5
104,130,2
104,156,1
104,160,1
106,2,1143
106,6,1104
106,8,901
106,12,708
106,14,1067
106,18,502
106,20,730
106,24,522
106,26,332
106,30,339
106,32,209
106,36,149
106,38,113
106,42,156
106,44,153
106,48,104
106,50,96
106,54,75
106,56,41
106,60,44
106,62,41
106,66,28
106,68,26
106,72,16
106,74,24
106,78,18
106,80,14
106,84,12
106,86,3
106,90,10
106,92,4
106,96,4
106,98,4
106,102,5
106,104,1
106,108,4
106,110,3
106,114,5
106,116,1
106,120,1
106,134,1
106,140,2
106,158,1
106,164,1
106,168,1
106,212,1
108,2,1517
108,4,1155
108,6,1738
108,8,732
108,10,1098
108,12,1633
108,14,595
108,16,494
108,18,1026
108,20,473
108,22,588
108,24,565
108,26,297
108,28,292
108,30,632
108,32,306
108,34,166
108,36,267
108,38,120
108,40,177
108,42,384
108,44,82
108,46,114
108,48,125
108,50,88
108,52,85
108,54,88
108,56,47
108,58,33
108,60,114
108,62,43
108,64,23
108,66,42
108,68,29
108,70,41
108,72,43
108,74,14
108,76,14
108,78,32
108,80,10
108,82,20
108,84,21
108,86,5
108,88,9
108,90,13
108,92,13
108,94,8
108,96,7
108,98,5
108,100,2
108,102,6
108,104,2
108,106,1
108,108,5
108,110,3
108,112,2
108,114,3
108,120,2
108,122,1
108,126,2
108,132,1
108,142,2
108,144,2
108,150,1
108,164,1
110,4,1365
110,6,1144
110,10,1227
110,12,785
110,16,816
110,18,560
110,22,483
110,24,383
110,28,409
110,30,425
110,34,205
110,36,175
110,40,225
110,42,143
110,46,107
110,48,92
110,52,91
110,54,74
110,58,60
110,60,50
110,64,39
110,66,37
110,70,40
110,72,20
110,76,19
110,78,9
110,82,10
110,84,18
110,88,8
110,90,10
110,94,4
110,96,4
110,100,6
110,102,4
110,106,3
110,108,3
110,112,3
110,114,1
110,124,2
110,130,2
110,136,1
110,174,1
110,198,1
110,210,1
112,2,928
112,6,904
112,8,1038
112,12,547
112,14,584
112,18,606
112,20,509
112,24,259
112,26,280
112,30,296
112,32,178
112,36,149
112,38,173
112,42,106
112,44,95
112,48,90
112,50,78
112,54,48
112,56,33
112,60,36
112,62,33
112,66,30
112,68,31
112,72,8
112,74,14
112,78,23
112,80,12
112,84,7
112,86,8
112,90,9
112,92,3
112,96,3
112,98,5
112,102,1
112,104,4
112,110,2
112,114,3
112,120,2
112,126,2
112,138,1
112,152,1
114,2,793
114,4,711
114,6,1785
114,8,510
114,10,694
114,12,1006
114,14,504
114,16,522
114,18,612
114,20,384
114,22,235
114,24,450
114,26,336
114,28,186
114,30,393
114,32,109
114,34,142
114,36,268
114,38,93
114,40,139
114,42,160
114,44,67
114,46,68
114,48,70
114,50,68
114,52,34
114,54,72
114,56,63
114,58,28
114,60,73
114,62,25
114,64,19
114,66,59
114,68,20
114,70,35
114,72,17
114,74,6
114,76,13
114,78,19
114,80,7
114,82,8
114,84,10
114,86,11
114,88,5
114,90,9
114,92,5
114,94,1
114,96,13
114,98,5
114,100,2
114,102,2
114,104,1
114,106,2
114,108,5
114,112,2
114,114,3
114,116,1
114,118,3
114,120,1
114,126,2
114,130,1
114,132,2
114,134,1
114,150,1
114,168,1
116,4,894
116,6,508
116,10,751
116,12,364
116,16,277
116,18,279
116,22,241
116,24,307
116,28,195
116,30,169
116,34,150
116,36,68
116,40,102
116,42,59
116,46,43
116,48,51
116,52,50
116,54,37
116,58,27
116,60,21
116,64,27
116,66,12
116,70,14
116,72,8
116,76,10
116,78,7
116,82,6
116,84,5
116,88,8
116,90,5
116,94,4
116,96,1
116,100,3
116,102,1
116,108,2
116,112,1
116,120,1
116,126,1
116,190,1
118,2,802
118,6,481
118,8,472
118,12,512
118,14,415
118,18,258
118,20,293
118,24,168
118,26,129
118,30,185
118,32,140
118,36,119
118,38,73
118,42,83
118,44,65
118,48,35
118,50,66
118,54,28
118,56,23
118,60,31
118,62,25
118,66,13
118,68,11
118,72,17
118,74,11
118,78,7
118,80,8
118,84,6
118,86,1
118,90,4
118,92,2
118,96,3
118,98,2
118,102,2
118,108,2
118,110,3
118,114,2
118,122,1
118,132,3
118,150,1
120,2,681
120,4,704
120,6,1374
120,8,467
120,10,673
120,12,863
120,14,467
120,16,340
120,18,601
120,20,408
120,22,261
120,24,366
120,26,169
120,28,217
120,30,370
120,32,128
120,34,176
120,36,216
120,38,97
120,40,119
120,42,159
120,44,65
120,46,65
120,48,123
120,50,52
120,52,36
120,54,70
120,56,40
120,58,24
120,60,41
120,62,28
120,64,20
120,66,26
120,68,12
120,70,20
120,72,22
120,74,15
120,76,10
120,78,13
120,80,7
120,82,6
120,84,11
120,86,4
120,88,6
120,90,12
120,92,1
120,94,5
120,96,4
120,98,4
120,100,1
120,102,4
120,104,2
120,106,2
120,108,4
120,110,1
120,112,1
120,114,2
120,118,1
120,120,2
120,124,1
120,128,1
120,132,1
122,4,481
122,6,353
122,10,418
122,12,230
122,16,170
122,18,306
122,22,153
122,24,108
122,28,174
122,30,105
122,34,73
122,36,52
122,40,77
122,42,47
122,46,33
122,48,23
122,52,20
122,54,21
122,58,30
122,60,28
122,64,4
122,66,7
122,70,10
122,72,7
122,76,6
122,78,11
122,82,7
122,84,4
122,88,3
122,90,3
122,94,1
122,96,3
122,102,1
122,106,3
122,108,1
122,120,1
122,166,1
124,2,491
124,6,533
124,8,323
124,12,245
124,14,277
124,18,138
124,20,197
124,24,127
124,26,168
124,30,154
124,32,62
124,36,86
124,38,48
124,42,40
124,44,36
124,48,21
124,50,41
124,54,20
124,56,28
124,60,24
124,62,10
124,66,13
124,68,5
124,72,10
124,74,5
124,78,4
124,80,9
124,84,2
124,86,5
124,90,3
124,92,2
124,96,1
124,98,2
124,104,2
124,110,2
124,126,1
124,156,1
126,2,387
126,4,554
126,6,740
126,8,301
126,10,381
126,12,462
126,14,352
126,16,166
126,18,337
126,20,204
126,22,170
126,24,335
126,26,108
126,28,128
126,30,252
126,32,66
126,34,107
126,36,116
126,38,50
126,40,65
126,42,87
126,44,64
126,46,32
126,48,59
126,50,30
126,52,29
126,54,73
126,56,17
126,58,12
126,60,36
126,62,15
126,64,14
126,66,21
126,68,1
126,70,12
126,72,8
126,74,8
126,76,3
126,78,15
126,80,5
126,82,3
126,84,9
126,86,1
126,88,5
126,90,11
126,96,1
126,98,3
126,102,2
126,104,1
126,116,1
126,120,1
126,126,1
126,128,1
126,152,1
128,4,279
128,6,240
128,10,281
128,12,248
128,16,139
128,18,97
128,22,163
128,24,80
128,28,83
128,30,86
128,34,40
128,36,40
128,40,67
128,42,50
128,46,24
128,48,17
128,52,18
128,54,9
128,58,9
128,60,8
128,64,7
128,66,5
128,70,15
128,72,6
128,76,6
128,78,2
128,82,6
128,84,3
128,88,2
128,90,6
128,96,2
128,100,2
128,102,1
128,120,1
128,154,1
130,2,472
130,6,324
130,8,336
130,12,240
130,14,268
130,18,198
130,20,183
130,24,147
130,26,96
130,30,81
130,32,65
130,36,62
130,38,63
130,42,52
130,44,32
130,48,38
130,50,31
130,54,27
130,56,15
130,60,14
130,62,11
130,66,14
130,68,6
130,72,5
130,74,2
130,78,6
130,80,8
130,84,2
130,86,3
130,90,4
130,92,2
130,96,1
130,98,2
130,122,1
130,126,1
130,170,1
132,2,244
132,4,186
132,6,411
132,8,311
132,10,247
132,12,255
132,14,153
132,16,145
132,18,300
132,20,120
132,22,104
132,24,117
132,26,75
132,28,109
132,30,150
132,32,33
132,34,42
132,36,84
132,38,56
132,40,41
132,42,58
132,44,19
132,46,19
132,48,49
132,50,27
132,52,12
132,54,20
132,56,8
132,58,11
132,60,16
132,62,5
132,64,10
132,66,8
132,68,6
132,70,4
132,72,4
132,74,6
132,76,1
132,78,3
132,80,13
132,82,1
132,84,7
132,86,1
132,88,4
132,90,1
132,92,1
132,96,1
132,98,3
132,100,2
132,102,1
132,106,1
132,112,1
132,124,1
132,126,1
132,138,1
132,204,1
134,4,174
134,6,287
134,10,188
134,12,138
134,16,110
134,18,82
134,22,65
134,24,65
134,28,68
134,30,55
134,34,34
134,36,34
134,40,37
134,42,29
134,46,23
134,48,12
134,52,13
134,54,9
134,58,9
134,60,6
134,64,9
134,66,7
134,70,7
134,72,4
134,76,1
134,78,5
134,82,6
134,88,1
134,90,4
134,94,1
134,100,3
134,108,1
136,2,168
136,6,130
136,8,117
136,12,122
136,14,176
136,18,109
136,20,91
136,24,70
136,26,42
136,30,65
136,32,33
136,36,19
136,38,26
136,42,19
136,44,17
136,48,11
136,50,11
136,54,7
136,56,13
136,60,12
136,62,3
136,66,9
136,68,9
136,72,7
136,74,2
136,80,2
136,84,2
136,86,1
136,90,1
136,104,2
136,108,1
138,2,279
138,4,161
138,6,259
138,8,102
138,10,195
138,12,303
138,14,125
138,16,113
138,18,132
138,20,92
138,22,98
138,24,94
138,26,45
138,28,39
138,30,128
138,32,40
138,34,25
138,36,46
138,38,21
138,40,28
138,42,50
138,44,19
138,46,13
138,48,17
138,50,12
138,52,18
138,54,13
138,56,12
138,58,11
138,60,22
138,62,13
138,64,2
138,66,5
138,68,1
138,70,7
138,72,8
138,74,2
138,76,1
138,78,2
138,82,6
138,84,4
138,86,1
138,88,2
138,90,4
138,98,2
138,100,3
138,108,1
138,110,1
138,112,2
138,114,3
138,116,1
138,118,1
138,122,1
138,142,2
138,146,1
138,170,1
140,4,221
140,6,172
140,10,227
140,12,139
140,16,125
140,18,98
140,22,84
140,24,71
140,28,56
140,30,64
140,34,41
140,36,41
140,40,36
140,42,23
140,46,26
140,48,12
140,52,17
140,54,7
140,58,10
140,60,9
140,64,3
140,66,2
140,70,6
140,72,2
140,76,5
140,78,3
140,82,2
140,84,5
140,88,1
140,90,2
140,102,2
140,108,1
140,112,1
140,124,1
140,126,1
142,2,134
142,6,123
142,8,95
142,12,100
142,14,84
142,18,87
142,20,49
142,24,36
142,26,42
142,30,24
142,32,26
142,36,15
142,38,29
142,42,15
142,44,11
142,48,26
142,50,11
142,54,5
142,56,7
142,60,6
142,62,1
142,66,5
142,68,6
142,72,2
142,74,2
142,78,2
142,80,3
142,84,1
142,86,1
142,90,1
142,104,1
142,108,1
142,120,1
142,122,1
144,2,103
144,4,93
144,6,275
144,8,73
144,10,132
144,12,123
144,14,78
144,16,72
144,18,71
144,20,58
144,22,35
144,24,65
144,26,43
144,28,25
144,30,69
144,32,17
144,34,20
144,36,35
144,38,14
144,40,11
144,42,30
144,44,4
144,46,10
144,48,13
144,50,13
144,52,3
144,54,9
144,56,10
144,58,7
144,60,11
144,62,2
144,66,8
144,68,1
144,70,4
144,72,6
144,74,1
144,78,1
144,80,2
144,82,1
144,84,3
144,88,1
144,92,1
144,96,1
144,144,1
146,4,117
146,6,72
146,10,87
146,12,56
146,16,39
146,18,43
146,22,41
146,24,37
146,28,27
146,30,26
146,34,13
146,36,13
146,40,16
146,42,13
146,46,11
146,48,7
146,52,7
146,54,9
146,58,6
146,60,6
146,64,5
146,66,2
146,70,1
146,72,1
146,76,1
146,78,2
146,84,2
146,90,2
146,96,1
146,108,2
146,114,1
146,118,1
146,124,1
148,2,115
148,6,111
148,8,74
148,12,77
148,14,40
148,18,45
148,20,74
148,24,24
148,26,21
148,30,39
148,32,20
148,36,16
148,38,3
148,42,10
148,44,6
148,48,5
148,50,7
148,54,6
148,56,8
148,60,7
148,62,5
148,68,2
148,72,2
148,78,1
148,84,2
148,90,2
148,98,1
148,114,1
150,2,119
150,4,133
150,6,198
150,8,85
150,10,93
150,12,115
150,14,73
150,16,50
150,18,114
150,20,37
150,22,45
150,24,57
150,26,29
150,28,32
150,30,51
150,32,19
150,34,31
150,36,34
150,38,16
150,40,13
150,42,21
150,44,10
150,46,11
150,48,11
150,50,12
150,52,5
150,54,15
150,56,6
150,58,2
150,60,10
150,62,4
150,64,1
150,66,5
150,68,1
150,70,3
150,72,1
150,74,5
150,78,2
150,80,1
150,82,3
150,84,1
150,86,2
150,88,1
150,96,3
150,100,1
150,104,1
150,108,1
150,112,1
150,118,1
150,136,1
152,4,67
152,6,62
152,10,57
152,12,39
152,16,54
152,18,46
152,22,24
152,24,20
152,28,35
152,30,29
152,34,10
152,36,8
152,40,15
152,42,6
152,46,10
152,48,8
152,52,2
152,54,2
152,58,2
152,60,1
152,64,1
152,66,2
152,70,1
152,72,2
152,78,2
152,94,1
154,2,74
154,6,91
154,8,56
154,12,40
154,14,70
154,18,34
154,20,46
154,24,27
154,26,33
154,30,19
154,32,17
154,36,14
154,38,10
154,42,10
154,44,6
154,48,8
154,50,4
154,54,5
154,56,3
154,60,5
154,62,3
154,66,2
154,68,2
154,72,1
154,80,1
154,84,1
154,86,1
156,2,54
156,4,70
156,6,81
156,8,33
156,10,53
156,12,77
156,14,57
156,16,19
156,18,54
156,20,31
156,22,24
156,24,51
156,26,15
156,28,14
156,30,32
156,32,18
156,34,8
156,36,13
156,38,6
156,40,11
156,42,17
156,44,9
156,46,4
156,48,3
156,50,4
156,52,3
156,54,11
156,56,5
156,58,4
156,60,2
156,62,1
156,64,2
156,66,1
156,68,2
156,72,1
156,74,2
156,82,1
156,84,1
156,86,1
156,90,1
156,100,2
158,4,29
158,6,33
158,10,51
158,12,34
158,16,28
158,18,21
158,22,23
158,24,14
158,28,11
158,30,16
158,34,12
158,36,2
158,40,6
158,42,3
158,46,2
158,48,2
158,52,4
158,54,1
158,58,2
158,60,2
158,66,3
158,70,2
158,82,1
158,88,1
158,90,2
158,96,1
160,2,48
160,6,30
160,8,60
160,12,27
160,14,33
160,18,26
160,20,21
160,24,17
160,26,22
160,30,17
160,32,5
160,36,6
160,38,6
160,42,7
160,44,5
160,48,7
160,50,6
160,54,3
160,56,2
160,60,4
160,68,2
160,74,2
160,78,1
160,84,1
160,86,1
160,96,1
162,2,43
162,4,27
162,6,73
162,8,35
162,10,35
162,12,52
162,14,22
162,16,13
162,18,36
162,20,23
162,22,12
162,24,23
162,26,12
162,28,18
162,30,21
162,32,8
162,34,7
162,36,11
162,38,5
162,40,5
162,42,8
162,44,3
162,46,5
162,48,8
162,50,2
162,52,2
162,54,7
162,56,1
162,58,3
162,60,3
162,66,3
162,68,1
162,78,2
162,80,2
162,84,1
162,90,1
162,106,1
164,4,36
164,6,38
164,10,39
164,12,20
164,16,18
164,18,21
164,22,12
164,24,11
164,28,9
164,30,7
164,34,7
164,36,5
164,40,6
164,42,2
164,46,1
164,48,1
164,52,1
164,58,1
164,64,2
164,66,2
164,70,2
164,72,2
164,78,1
164,82,1
164,88,1
164,124,1
166,2,29
166,6,18
166,8,15
166,12,20
166,14,16
166,18,10
166,20,6
166,24,15
166,26,7
166,30,12
166,32,7
166,36,5
166,38,6
166,42,6
166,44,3
166,48,1
166,50,1
166,54,2
166,56,1
166,74,1
166,84,1
168,2,41
168,4,34
168,6,41
168,8,23
168,10,34
168,12,51
168,14,26
168,16,15
168,18,28
168,20,20
168,22,16
168,24,16
168,26,7
168,28,4
168,30,19
168,32,9
168,34,6
168,36,6
168,38,5
168,40,5
168,42,12
168,44,4
168,46,2
168,50,1
168,52,2
168,54,3
168,56,2
168,60,5
168,62,1
168,66,1
168,72,1
168,76,1
168,82,1
168,102,1
170,4,38
170,6,25
170,10,22
170,12,23
170,16,9
170,18,16
170,22,11
170,24,7
170,28,8
170,30,6
170,34,4
170,36,6
170,40,5
170,42,3
170,46,4
170,48,4
170,54,1
170,58,1
170,70,1
170,76,1
170,78,1
170,90,1
170,100,1
172,2,10
172,6,20
172,8,26
172,12,13
172,14,10
172,18,9
172,20,15
172,24,5
172,26,7
172,30,8
172,32,3
172,36,8
172,38,6
172,42,2
172,44,2
172,48,5
172,60,2
172,66,2
172,68,2
172,74,1
172,80,1
172,156,1
174,2,18
174,4,12
174,6,36
174,8,17
174,10,16
174,12,33
174,14,10
174,16,13
174,18,7
174,20,8
174,22,11
174,24,7
174,26,7
174,28,3
174,30,9
174,32,3
174,34,5
174,36,8
174,38,1
174,40,5
174,42,3
174,44,1
174,46,3
174,48,2
174,50,2
174,54,3
174,56,3
174,60,2
174,64,1
174,68,1
174,74,1
174,80,1
174,90,1
174,96,1
174,108,1
176,4,30
176,6,17
176,10,8
176,12,8
176,16,8
176,18,6
176,22,6
176,24,12
176,28,8
176,30,7
176,34,5
176,36,2
176,40,3
176,42,1
176,46,1
176,48,1
176,54,1
176,60,1
176,64,1
176,84,1
176,118,1
178,2,18
178,6,9
178,8,10
178,12,10
178,14,6
178,18,8
178,20,4
178,24,7
178,26,5
178,30,3
178,32,4
178,36,2
178,38,2
178,42,5
178,44,5
178,48,1
178,50,2
178,60,1
178,62,2
178,74,1
178,90,1
180,2,17
180,4,18
180,6,22
180,8,21
180,10,15
180,12,17
180,14,6
180,16,6
180,18,14
180,20,5
180,22,7
180,24,8
180,26,5
180,28,8
180,30,7
180,32,3
180,34,2
180,36,2
180,40,5
180,42,3
180,48,2
180,50,2
180,54,3
180,58,1
180,76,1
182,4,9
182,6,9
182,10,11
182,12,5
182,16,5
182,18,9
182,22,3
182,24,5
182,28,7
182,30,6
182,34,3
182,36,1
182,48,2
182,52,1
182,54,1
182,60,2
182,76,1
184,2,12
184,6,16
184,8,5
184,12,12
184,14,13
184,18,2
184,20,8
184,26,7
184,32,2
184,36,2
184,38,1
184,44,6
184,68,1
184,72,1
184,80,1
186,2,10
186,4,5
186,6,18
186,8,4
186,10,12
186,12,6
186,14,3
186,16,2
186,18,4
186,20,3
186,22,6
186,24,8
186,26,1
186,28,1
186,30,5
186,32,2
186,34,4
186,38,1
186,42,2
186,48,2
186,58,1
186,80,1
188,4,7
188,6,5
188,10,5
188,12,3
188,16,2
188,18,2
188,22,4
188,28,2
188,30,1
188,40,1
188,42,1
190,2,8
190,6,12
190,8,10
190,12,4
190,14,6
190,18,3
190,20,3
190,24,1
190,26,4
190,30,5
190,38,2
190,42,1
190,48,1
190,54,1
190,56,1
190,62,1
192,2,9
192,4,2
192,6,11
192,8,6
192,10,5
192,12,3
192,14,5
192,16,1
192,18,3
192,20,2
192,22,1
192,24,1
192,26,2
192,28,4
192,30,2
192,32,1
192,34,2
192,36,4
192,42,4
192,46,1
192,48,1
192,54,1
192,58,1
192,60,1
192,76,1
194,4,3
194,6,2
194,10,3
194,12,5
194,16,5
194,18,3
194,22,1
194,24,2
194,28,2
194,30,2
194,34,1
194,36,1
194,46,1
194,60,1
196,2,8
196,6,5
196,8,6
196,12,2
196,14,4
196,18,2
196,20,3
196,24,2
196,26,2
196,30,1
196,32,1
196,44,1
196,50,4
198,2,8
198,4,3
198,6,9
198,8,6
198,10,3
198,12,10
198,14,3
198,16,1
198,18,5
198,22,3
198,24,3
198,26,3
198,28,1
198,30,2
198,36,2
198,38,1
198,42,2
198,46,1
198,48,4
198,52,1
198,54,1
198,88,1
200,4,6
200,6,1
200,10,4
200,12,2
200,16,3
200,18,1
200,22,2
200,24,5
200,28,2
200,30,1
200,34,1
202,2,3
202,6,5
202,8,7
202,14,1
202,18,2
202,24,3
202,30,1
202,42,1
204,2,6
204,4,2
204,6,9
204,8,3
204,10,2
204,12,2
204,14,1
204,16,3
204,18,1
204,22,1
204,24,1
204,28,2
204,30,1
204,40,2
204,44,1
204,46,1
204,48,1
204,54,1
204,56,1
204,58,1
204,60,2
204,62,1
204,66,1
206,4,4
206,6,2
206,12,2
206,16,1
206,18,1
206,22,1
206,24,1
206,30,1
208,2,2
208,6,1
208,12,2
208,14,2
208,18,1
208,20,1
208,26,4
208,32,1
208,36,1
208,44,2
208,48,1
210,2,3
210,4,4
210,6,9
210,8,3
210,10,4
210,12,3
210,14,3
210,18,6
210,24,4
210,26,1
210,30,1
210,36,1
210,38,1
210,46,1
210,50,1
210,60,1
210,64,1
210,70,1
212,4,4
212,6,1
212,10,2
212,12,2
212,16,1
212,18,2
214,2,1
214,6,2
214,14,1
214,20,2
214,24,1
214,26,1
214,38,1
214,72,1
214,78,1
216,2,2
216,4,2
216,10,1
216,14,1
216,18,2
216,24,1
216,30,3
216,42,1
216,44,1
216,70,1
218,18,2
218,30,2
218,36,1
218,42,1
220,6,1
220,8,2
220,12,2
220,14,2
220,18,1
220,20,1
220,24,1
220,38,1
220,104,1
222,6,3
222,8,1
222,12,1
222,18,3
222,30,1
222,36,2
224,4,1
224,12,1
224,18,1
224,46,2
224,58,1
226,2,1
226,6,2
226,12,1
226,20,1
226,36,1
228,16,1
228,22,1
228,32,1
230,12,1
230,30,1
230,34,1
232,18,1
234,2,1
234,4,1
234,6,3
234,8,1
234,10,1
234,12,1
234,18,1
234,20,1
234,26,2
234,36,1
236,4,1
236,10,1
236,16,1
236,24,1
236,60,1
238,6,1
240,8,1
240,10,2
240,12,1
240,14,1
242,6,1
242,10,2
242,16,1
244,2,1
244,8,1
246,2,1
246,6,1
246,8,1
246,12,1
248,4,2
248,12,1
248,16,1
250,6,2
250,18,1
250,36,1
252,54,1
260,10,1
276,24,1
282,18,1
