# seed: 42, P=2000
k,rho_obs,null_mean,null_std,p_value,sig_bonf,sig_fdr
1,-0.02753177589,-1.43336092e-06,0.0001384301763,0.0004997501249,1,1
2,-0.01170305189,2.167167764e-06,0.0001410104303,0.0004997501249,1,1
3,-0.006809245809,-4.706551515e-06,0.0001418095862,0.0004997501249,1,1
4,-0.004290057455,-1.088580987e-06,0.0001405920696,0.0004997501249,1,1
5,-0.002749103365,1.840563564e-07,0.000140409865,0.0004997501249,1,1
6,-0.002007551753,-8.067286039e-06,0.0001426449678,0.0004997501249,1,1
7,-0.0008413811718,-4.080970644e-06,0.0001445097941,0.0004997501249,1,1
8,-0.0005884609608,9.447000755e-06,0.0001403595453,0.0004997501249,1,1
9,0.0003030238066,2.368068142e-06,0.0001395033201,0.02848575712,0,1
10,0.0007547224179,-1.689368588e-06,0.0001408000521,0.0004997501249,1,1
