k,N_root,theta
2,31622,31362.6687983925
3,1000,956.2452651201
4,177,157.0861512640
5,63,53.1189226530
6,31,26.0243817346
7,19,16.0876044842
8,13,10.3099521610
9,10,5.3471075307
10,7,5.3471075307
11,6,3.4011973817
12,5,3.4011973817
13,4,1.7917594692
14,4,1.7917594692
15,3,1.7917594692
16,3,1.7917594692
17,3,1.7917594692
18,3,1.7917594692
19,2,0.6931471806
20,2,0.6931471806
21,2,0.6931471806
22,2,0.6931471806
23,2,0.6931471806
24,2,0.6931471806
25,2,0.6931471806
26,2,0.6931471806
27,2,0.6931471806
28,2,0.6931471806
29,2,0.6931471806
